slug	fragrance	concentration	gender	fragrantica_url	image_path	source_url	hosted_raw_url	qc_status
cool-vibes	#Cool Vibes		female	https://www.fragrantica.com/perfume/Zara/Cool-Vibes-64253.html				pending
weekend-plan	#Weekend Plan		female	https://www.fragrantica.com/perfume/Zara/Weekend-Plan-64254.html				pending
flower-please	(Flower Please)		male	https://www.fragrantica.com/perfume/Zara/Flower-Please-93491.html				pending
leather-fever-2024	(Leather Fever) 2024		male	https://www.fragrantica.com/perfume/Zara/Leather-Fever-2024-93492.html				pending
metamber	(Metamber)		male	https://www.fragrantica.com/perfume/Zara/Metamber-93493.html				pending
shamanilla	(Shamanilla)		male	https://www.fragrantica.com/perfume/Zara/Shamanilla-93494.html				pending
vetiverich	(Vetiverich)		male	https://www.fragrantica.com/perfume/Zara/Vetiverich-93495.html				pending
wood-legacy	(Wood Legacy)		unisex	https://www.fragrantica.com/perfume/Zara/Wood-Legacy-93496.html				pending
001-somewhere-nowhere	001 Somewhere Nowhere		female	https://www.fragrantica.com/perfume/Zara/001-Somewhere-Nowhere-57752.html				pending
001-synth-aura	001: SYNTH AURA		unisex	https://www.fragrantica.com/perfume/Zara/001-SYNTH-AURA-114781.html				pending
002-sense-of-glam	002 Sense Of Glam		female	https://www.fragrantica.com/perfume/Zara/002-Sense-Of-Glam-57750.html				pending
003-cotton-kiss	003 Cotton Kiss		female	https://www.fragrantica.com/perfume/Zara/003-Cotton-Kiss-57751.html				pending
003-void-bloom	003: VOID BLOOM		unisex	https://www.fragrantica.com/perfume/Zara/003-VOID-BLOOM-114782.html				pending
004-me-and-my-selfie	004 Me & My Selfie		female	https://www.fragrantica.com/perfume/Zara/004-Me-My-Selfie-57749.html				pending
004-ultra-glitch	004: Ultra Glitch		male	https://www.fragrantica.com/perfume/Zara/004-Ultra-Glitch-114780.html				pending
005-feels-like-winter	005 Feels Like Winter		female	https://www.fragrantica.com/perfume/Zara/005-Feels-Like-Winter-58189.html				pending
006-glittery-mood	006 Glittery Mood		female	https://www.fragrantica.com/perfume/Zara/006-Glittery-Mood-58188.html				pending
007-feels-like-summer	007 Feels Like Summer		female	https://www.fragrantica.com/perfume/Zara/007-Feels-Like-Summer-60102.html				pending
01-magic-onsen	01 Magic Onsen		female	https://www.fragrantica.com/perfume/Zara/01-Magic-Onsen-43457.html				pending
01-red-vanilla	01 Red Vanilla		female	https://www.fragrantica.com/perfume/Zara/01-Red-Vanilla-81627.html				pending
02-black-amber	02 Black Amber		female	https://www.fragrantica.com/perfume/Zara/02-Black-Amber-81625.html				pending
02-sweet-vanilla	02 Sweet Vanilla		female	https://www.fragrantica.com/perfume/Zara/02-Sweet-Vanilla-43458.html				pending
03-caipirissima	03 Caipirissima		female	https://www.fragrantica.com/perfume/Zara/03-Caipirissima-43459.html				pending
03-nuit	03 Nuit		female	https://www.fragrantica.com/perfume/Zara/03-Nuit-81624.html				pending
04-pure-selection	04 Pure Selection		female	https://www.fragrantica.com/perfume/Zara/04-Pure-Selection-43460.html				pending
04-violet-blossom	04 Violet Blossom		female	https://www.fragrantica.com/perfume/Zara/04-Violet-Blossom-81628.html				pending
05-woman-gold	05 Woman Gold		female	https://www.fragrantica.com/perfume/Zara/05-Woman-Gold-81626.html				pending
10-0-zara	10.0 Zara		male	https://www.fragrantica.com/perfume/Zara/10-0-Zara-57592.html				pending
11-corso-vittorio-emanuele-milano	11 Corso Vittorio Emanuele Milano		female	https://www.fragrantica.com/perfume/Zara/11-Corso-Vittorio-Emanuele-Milano-18553.html				pending
11-0-zara	11.0 Zara		male	https://www.fragrantica.com/perfume/Zara/11-0-Zara-57593.html				pending
4mbr0x1d3	4MBR0X1D3		male	https://www.fragrantica.com/perfume/Zara/4MBR0X1D3-59368.html				pending
4mbrox	4MBROX		male	https://www.fragrantica.com/perfume/Zara/4MBROX-51216.html				pending
590-collins-avenue-miami	590 Collins Avenue Miami		female	https://www.fragrantica.com/perfume/Zara/590-Collins-Avenue-Miami-25576.html				pending
6-0-zara	6.0 Zara		male	https://www.fragrantica.com/perfume/Zara/6-0-Zara-49330.html				pending
6902-hollywood-boulevard-los-angeles	6902 Hollywood Boulevard Los Angeles		female	https://www.fragrantica.com/perfume/Zara/6902-Hollywood-Boulevard-Los-Angeles-25577.html				pending
7-0-zara	7.0 Zara		male	https://www.fragrantica.com/perfume/Zara/7-0-Zara-34474.html				pending
8-0-zara	8.0 Zara		male	https://www.fragrantica.com/perfume/Zara/8-0-Zara-34475.html				pending
800-black-2023	800 Black (2023)		male	https://www.fragrantica.com/perfume/Zara/800-Black-2023-85137.html				pending
9-rue-dantibes-cannes	9 Rue d'Antibes Cannes		female	https://www.fragrantica.com/perfume/Zara/9-Rue-d-Antibes-Cannes-36723.html				pending
9-0-zara	9.0 Zara		male	https://www.fragrantica.com/perfume/Zara/9-0-Zara-34476.html				pending
90s-fashionista	90's Fashionista		female	https://www.fragrantica.com/perfume/Zara/90-s-Fashionista-51739.html				pending
909	909		unisex	https://www.fragrantica.com/perfume/Zara/909-122803.html				pending
a-book-liason-in-lisbon	A Book Liason In Lisbon		female	https://www.fragrantica.com/perfume/Zara/A-Book-Liason-In-Lisbon-62354.html				pending
a-collection	A Collection		male	https://www.fragrantica.com/perfume/Zara/A-Collection-47402.html				pending
a-daisy-bouquet-in-london	A Daisy Bouquet In London		female	https://www.fragrantica.com/perfume/Zara/A-Daisy-Bouquet-In-London-62353.html				pending
a-day-fragrance	A Day Fragrance		male	https://www.fragrantica.com/perfume/Zara/A-Day-Fragrance-106415.html				pending
a-day-in-mexico	A Day In Mexico		male	https://www.fragrantica.com/perfume/Zara/A-Day-In-Mexico-57686.html				pending
a-mochi-atelier-in-tokyo	A Mochi Atelier In Tokyo		female	https://www.fragrantica.com/perfume/Zara/A-Mochi-Atelier-In-Tokyo-62355.html				pending
a-night-fragrance	A Night Fragrance		unisex	https://www.fragrantica.com/perfume/Zara/A-Night-Fragrance-106876.html				pending
a-perfume	A Perfume		female	https://www.fragrantica.com/perfume/Zara/A-Perfume-56286.html				pending
a-perfume-in-rose	A Perfume In Rose		female	https://www.fragrantica.com/perfume/Zara/A-Perfume-In-Rose-57071.html				pending
a-sweet-pastry-in-paris	A Sweet Pastry In Paris		female	https://www.fragrantica.com/perfume/Zara/A-Sweet-Pastry-In-Paris-62356.html				pending
aaron-levine	Aaron Levine		unisex	https://www.fragrantica.com/perfume/Zara/Aaron-Levine-131604.html				pending
absolutely-dark	Absolutely Dark		male	https://www.fragrantica.com/perfume/Zara/Absolutely-Dark-87148.html				pending
accord-no-1-floral	Accord No 1 Floral		female	https://www.fragrantica.com/perfume/Zara/Accord-No-1-Floral-45382.html				pending
accord-no-2-oriental	Accord No 2 Oriental		female	https://www.fragrantica.com/perfume/Zara/Accord-No-2-Oriental-45383.html				pending
accord-no-3-woody	Accord No 3 Woody		female	https://www.fragrantica.com/perfume/Zara/Accord-No-3-Woody-45384.html				pending
accord-no-4-chypre	Accord No 4 Chypre		female	https://www.fragrantica.com/perfume/Zara/Accord-No-4-Chypre-45385.html				pending
acqua-della-fontana	Acqua della Fontana		unisex	https://www.fragrantica.com/perfume/Zara/Acqua-della-Fontana-135160.html				pending
actin-out	Actin' Out		male	https://www.fragrantica.com/perfume/Zara/Actin-Out-66529.html				pending
addictive-saffron	Addictive Saffron		female	https://www.fragrantica.com/perfume/Zara/Addictive-Saffron-92197.html				pending
agate-black	Agate Black		male	https://www.fragrantica.com/perfume/Zara/Agate-Black-62358.html				pending
air-my-vibes	Air My Vibes		male	https://www.fragrantica.com/perfume/Zara/Air-My-Vibes-76855.html				pending
amalfi-sunray	Amalfi Sunray		unisex	https://www.fragrantica.com/perfume/Zara/Amalfi-Sunray-58158.html				pending
amazonia-tree	Amazonia Tree		female	https://www.fragrantica.com/perfume/Zara/Amazonia-Tree-51736.html				pending
ambar	Ambar		male	https://www.fragrantica.com/perfume/Zara/Ambar-5420.html				pending
amber-affogato	Amber Affogato		female	https://www.fragrantica.com/perfume/Zara/Amber-Affogato-125491.html				pending
amber-ego	Amber Ego		male	https://www.fragrantica.com/perfume/Zara/Amber-Ego-57684.html				pending
amber-fever	Amber Fever		female	https://www.fragrantica.com/perfume/Zara/Amber-Fever-95903.html				pending
amber-fusion-for-her	Amber Fusion For Her		female	https://www.fragrantica.com/perfume/Zara/Amber-Fusion-For-Her-63267.html				pending
amber-fusion-for-him	Amber Fusion For Him		male	https://www.fragrantica.com/perfume/Zara/Amber-Fusion-For-Him-63275.html				pending
amber-fusion-nectar	Amber Fusion Nectar		female	https://www.fragrantica.com/perfume/Zara/Amber-Fusion-Nectar-101843.html				pending
amber-in-bloom	Amber In Bloom		female	https://www.fragrantica.com/perfume/Zara/Amber-In-Bloom-95904.html				pending
amber-linen	Amber Linen		female	https://www.fragrantica.com/perfume/Zara/Amber-Linen-63088.html				pending
amber-petals	Amber Petals		female	https://www.fragrantica.com/perfume/Zara/Amber-Petals-72612.html				pending
amber-satin	Amber Satin		female	https://www.fragrantica.com/perfume/Zara/Amber-Satin-95906.html				pending
amber-vanilla	Amber Vanilla		female	https://www.fragrantica.com/perfume/Zara/Amber-Vanilla-39949.html				pending
ambre-inspirant-perfume-oil	Ambre Inspirant Perfume Oil	Perfume Oil	female	https://www.fragrantica.com/perfume/Zara/Ambre-Inspirant-Perfume-Oil-78064.html				pending
ambre-noble	Ambre Noble		male	https://www.fragrantica.com/perfume/Zara/Ambre-Noble-40859.html				pending
ancestral-papyrus	Ancestral Papyrus		unisex	https://www.fragrantica.com/perfume/Zara/Ancestral-Papyrus-69127.html				pending
angelic-vanilla	Angelic Vanilla		female	https://www.fragrantica.com/perfume/Zara/Angelic-Vanilla-90138.html				pending
anna	Anna		female	https://www.fragrantica.com/perfume/Zara/Anna-65884.html				pending
antique-brown	Antique Brown		male	https://www.fragrantica.com/perfume/Zara/Antique-Brown-87146.html				pending
apple-juice-crush	Apple Juice Crush		female	https://www.fragrantica.com/perfume/Zara/Apple-Juice-Crush-105356.html				pending
applejuice	Applejuice		female	https://www.fragrantica.com/perfume/Zara/Applejuice-17189.html				pending
aquatic-mind	Aquatic Mind		male	https://www.fragrantica.com/perfume/Zara/Aquatic-Mind-40861.html				pending
aromatic-future	Aromatic Future		male	https://www.fragrantica.com/perfume/Zara/Aromatic-Future-40862.html				pending
artisans-gold	Artisan's Gold		female	https://www.fragrantica.com/perfume/Zara/Artisan-s-Gold-60141.html				pending
at-dawn	At Dawn		male	https://www.fragrantica.com/perfume/Zara/At-Dawn-65914.html				pending
azul-noche	Azul Noche		female	https://www.fragrantica.com/perfume/Zara/Azul-Noche-61570.html				pending
azure-wave	Azure Wave		female	https://www.fragrantica.com/perfume/Zara/Azure-Wave-92552.html				pending
balade-de-figuer	Balade De Figuer		female	https://www.fragrantica.com/perfume/Zara/Balade-De-Figuer-88300.html				pending
barbie	Barbie		female	https://www.fragrantica.com/perfume/Zara/Barbie-83741.html				pending
batman	Batman		male	https://www.fragrantica.com/perfume/Zara/Batman-39174.html				pending
bergamot-and-lavender	Bergamot & Lavender		male	https://www.fragrantica.com/perfume/Zara/Bergamot-Lavender-59366.html				pending
berry-green	Berry Green		female	https://www.fragrantica.com/perfume/Zara/Berry-Green-53992.html				pending
bianco-darancio	Bianco d'Arancio		male	https://www.fragrantica.com/perfume/Zara/Bianco-d-Arancio-135608.html				pending
bitter-orange	Bitter Orange		female	https://www.fragrantica.com/perfume/Zara/Bitter-Orange-50185.html				pending
black-amber	Black Amber		female	https://www.fragrantica.com/perfume/Zara/Black-Amber-43462.html				pending
black-amber-parfum-intense	Black Amber Parfum Intense		female	https://www.fragrantica.com/perfume/Zara/Black-Amber-Parfum-Intense-51734.html				pending
black-dart	Black Dart		unisex	https://www.fragrantica.com/perfume/Zara/Black-Dart-83871.html				pending
black-peony	Black Peony		female	https://www.fragrantica.com/perfume/Zara/Black-Peony-14436.html				pending
black-pepper-and-cedarwood	Black Pepper & Cedarwood		male	https://www.fragrantica.com/perfume/Zara/Black-Pepper-Cedarwood-59365.html				pending
black-tag-2022	Black Tag 2022		male	https://www.fragrantica.com/perfume/Zara/Black-Tag-2022-72834.html				pending
black-tag-intense-2022	Black Tag Intense 2022		male	https://www.fragrantica.com/perfume/Zara/Black-Tag-Intense-2022-72832.html				pending
blackberry-oud	Blackberry Oud		female	https://www.fragrantica.com/perfume/Zara/Blackberry-Oud-125490.html				pending
blanc-ensoleille	Blanc Ensoleille		male	https://www.fragrantica.com/perfume/Zara/Blanc-Ensoleille-84491.html				pending
blanc-a-porter-layering-enhancer-fragrance	Blanc-à-Porter (Layering Enhancer Fragrance)		female	https://www.fragrantica.com/perfume/Zara/Blanc-a-Porter-Layering-Enhancer-Fragrance-84454.html				pending
bloom-breeze	Bloom Breeze		female	https://www.fragrantica.com/perfume/Zara/Bloom-Breeze-92208.html				pending
blooming-oud	Blooming Oud		male	https://www.fragrantica.com/perfume/Zara/Blooming-Oud-84488.html				pending
blue-bird-orchid	Blue Bird Orchid		female	https://www.fragrantica.com/perfume/Zara/Blue-Bird-Orchid-81561.html				pending
blue-candy	Blue Candy		female	https://www.fragrantica.com/perfume/Zara/Blue-Candy-53993.html				pending
blue-hole	Blue Hole		male	https://www.fragrantica.com/perfume/Zara/Blue-Hole-53287.html				pending
blue-spirit	Blue Spirit		male	https://www.fragrantica.com/perfume/Zara/Blue-Spirit-72327.html				pending
blue-spirit-57683	Blue Spirit		male	https://www.fragrantica.com/perfume/Zara/Blue-Spirit-57683.html				pending
blue-spirit-65903	Blue Spirit		male	https://www.fragrantica.com/perfume/Zara/Blue-Spirit-65903.html				pending
blue-spirit-2019	Blue Spirit 2019		male	https://www.fragrantica.com/perfume/Zara/Blue-Spirit-2019-54000.html				pending
blue-temptation	Blue Temptation		male	https://www.fragrantica.com/perfume/Zara/Blue-Temptation-123928.html				pending
blue-zenith	Blue Zenith		male	https://www.fragrantica.com/perfume/Zara/Blue-Zenith-105530.html				pending
blueberry	Blueberry		female	https://www.fragrantica.com/perfume/Zara/Blueberry-16585.html				pending
bluebreath	Bluebreath		male	https://www.fragrantica.com/perfume/Zara/Bluebreath-54003.html				pending
blueshape	Blueshape		male	https://www.fragrantica.com/perfume/Zara/Blueshape-54002.html				pending
blush-coffee	Blush Coffee		unisex	https://www.fragrantica.com/perfume/Zara/Blush-Coffee-112705.html				pending
bohemian-bluebells	Bohemian Bluebells		unisex	https://www.fragrantica.com/perfume/Zara/Bohemian-Bluebells-58162.html				pending
bohemian-oud	Bohemian Oud		female	https://www.fragrantica.com/perfume/Zara/Bohemian-Oud-74198.html				pending
bohemian-sunset-in-barcelona	Bohemian Sunset In Barcelona		unisex	https://www.fragrantica.com/perfume/Zara/Bohemian-Sunset-In-Barcelona-66899.html				pending
bois-de-vincennes	Bois de Vincennes		unisex	https://www.fragrantica.com/perfume/Zara/Bois-de-Vincennes-63083.html				pending
bois-soleil-for-her	Bois Soleil For Her		female	https://www.fragrantica.com/perfume/Zara/Bois-Soleil-For-Her-63266.html				pending
bois-soleil-for-him	Bois Soleil For Him		male	https://www.fragrantica.com/perfume/Zara/Bois-Soleil-For-Him-63278.html				pending
bold-blossom	Bold Blossom		female	https://www.fragrantica.com/perfume/Zara/Bold-Blossom-92836.html				pending
boldly-seoul	Boldly Seoul		unisex	https://www.fragrantica.com/perfume/Zara/Boldly-Seoul-70526.html				pending
brass-dream	Brass Dream		male	https://www.fragrantica.com/perfume/Zara/Brass-Dream-51212.html				pending
brave-spirit	Brave Spirit		male	https://www.fragrantica.com/perfume/Zara/Brave-Spirit-52448.html				pending
bright-fruits	Bright Fruits		female	https://www.fragrantica.com/perfume/Zara/Bright-Fruits-46185.html				pending
bright-gardenia	Bright Gardenia		female	https://www.fragrantica.com/perfume/Zara/Bright-Gardenia-68680.html				pending
bright-lotus	Bright Lotus		unisex	https://www.fragrantica.com/perfume/Zara/Bright-Lotus-94345.html				pending
brigitte	Brigitte		female	https://www.fragrantica.com/perfume/Zara/Brigitte-14438.html				pending
brulante-violette	Brulante Violette		female	https://www.fragrantica.com/perfume/Zara/Brulante-Violette-88303.html				pending
bubble-hugs	Bubble Hugs		female	https://www.fragrantica.com/perfume/Zara/Bubble-Hugs-88452.html				pending
bugs-bunny	Bugs Bunny		unisex	https://www.fragrantica.com/perfume/Zara/Bugs-Bunny-64249.html				pending
bulgarian-rose	Bulgarian Rose		female	https://www.fragrantica.com/perfume/Zara/Bulgarian-Rose-14674.html				pending
bushy-gardens	Bushy Gardens		female	https://www.fragrantica.com/perfume/Zara/Bushy-Gardens-51738.html				pending
bye-love-into-the-wood	Bye Love (Into the Wood)		female	https://www.fragrantica.com/perfume/Zara/Bye-Love-Into-the-Wood-84462.html				pending
cest-la-rose	C'est La Rose		female	https://www.fragrantica.com/perfume/Zara/C-est-La-Rose-90455.html				pending
c0r4n0l	C0R4N0L		male	https://www.fragrantica.com/perfume/Zara/C0R4N0L-51214.html				pending
c4shmer4n	C4SHMER4N		male	https://www.fragrantica.com/perfume/Zara/C4SHMER4N-51215.html				pending
c4shmer4n-2019	C4SHMER4N 2019		male	https://www.fragrantica.com/perfume/Zara/C4SHMER4N-2019-59369.html				pending
calm-lake	Calm Lake		male	https://www.fragrantica.com/perfume/Zara/Calm-Lake-52444.html				pending
candy-festival	Candy Festival		female	https://www.fragrantica.com/perfume/Zara/Candy-Festival-74094.html				pending
cape-town-century-boulevard	Cape Town Century Boulevard		male	https://www.fragrantica.com/perfume/Zara/Cape-Town-Century-Boulevard-93514.html				pending
captivating-vanilla	Captivating Vanilla		female	https://www.fragrantica.com/perfume/Zara/Captivating-Vanilla-107918.html				pending
captivatingly-paris	Captivatingly Paris		unisex	https://www.fragrantica.com/perfume/Zara/Captivatingly-Paris-72827.html				pending
caramel-temptation	Caramel Temptation		unisex	https://www.fragrantica.com/perfume/Zara/Caramel-Temptation-110110.html				pending
caramelos-artesanos-en-barcelona	Caramelos Artesanos en Barcelona		female	https://www.fragrantica.com/perfume/Zara/Caramelos-Artesanos-en-Barcelona-44761.html				pending
cardamom-and-blood-orange	Cardamom & Blood Orange		male	https://www.fragrantica.com/perfume/Zara/Cardamom-Blood-Orange-63315.html				pending
cardamom-gender-neutral	Cardamom - Gender Neutral		unisex	https://www.fragrantica.com/perfume/Zara/Cardamom-Gender-Neutral-51733.html				pending
cashmere-musk	Cashmere Musk		female	https://www.fragrantica.com/perfume/Zara/Cashmere-Musk-95908.html				pending
cashmere-rose	Cashmere Rose		female	https://www.fragrantica.com/perfume/Zara/Cashmere-Rose-64240.html				pending
caviar-bergamot	Caviar Bergamot		female	https://www.fragrantica.com/perfume/Zara/Caviar-Bergamot-75205.html				pending
chaotic-berries	Chaotic Berries		female	https://www.fragrantica.com/perfume/Zara/Chaotic-Berries-122925.html				pending
charming-freedom	Charming Freedom		male	https://www.fragrantica.com/perfume/Zara/Charming-Freedom-70425.html				pending
cheerful-attitude	Cheerful Attitude		female	https://www.fragrantica.com/perfume/Zara/Cheerful-Attitude-66922.html				pending
cherry	Cherry		female	https://www.fragrantica.com/perfume/Zara/Cherry-16583.html				pending
cherry-bomb	Cherry Bomb		female	https://www.fragrantica.com/perfume/Zara/Cherry-Bomb-95747.html				pending
cherry-candy	Cherry Candy		female	https://www.fragrantica.com/perfume/Zara/Cherry-Candy-35075.html				pending
cherry-sling	Cherry Sling		female	https://www.fragrantica.com/perfume/Zara/Cherry-Sling-49325.html				pending
cherry-smoothie-2022	Cherry Smoothie 2022		female	https://www.fragrantica.com/perfume/Zara/Cherry-Smoothie-2022-72492.html				pending
cherry-smoothie-eau-de-parfum	Cherry Smoothie Eau de Parfum	Eau de Parfum	female	https://www.fragrantica.com/perfume/Zara/Cherry-Smoothie-Eau-de-Parfum-81568.html				pending
cherry-stain-01-deep-wild-gourmand	Cherry Stain 01 Deep Wild Gourmand		unisex	https://www.fragrantica.com/perfume/Zara/Cherry-Stain-01-Deep-Wild-Gourmand-130235.html				pending
cherry-stain-02-bold-dark-exotic	Cherry Stain 02 Bold Dark Exotic		male	https://www.fragrantica.com/perfume/Zara/Cherry-Stain-02-Bold-Dark-Exotic-130236.html				pending
cherry-temptation	Cherry Temptation		female	https://www.fragrantica.com/perfume/Zara/Cherry-Temptation-95748.html				pending
cherry-watermelon-ice-eau-de-toilette	Cherry Watermelon Ice Eau de Toilette	Eau de Toilette	female	https://www.fragrantica.com/perfume/Zara/Cherry-Watermelon-Ice-Eau-de-Toilette-64198.html				pending
chocolate	Chocolate		female	https://www.fragrantica.com/perfume/Zara/Chocolate-16584.html				pending
chypre-floral	Chypre Floral		female	https://www.fragrantica.com/perfume/Zara/Chypre-Floral-35749.html				pending
clarity-fabric	Clarity Fabric		female	https://www.fragrantica.com/perfume/Zara/Clarity-Fabric-54394.html				pending
classics-12-0	Classics 12.0		male	https://www.fragrantica.com/perfume/Zara/Classics-12-0-64259.html				pending
classics-14-0	Classics 14.0		male	https://www.fragrantica.com/perfume/Zara/Classics-14-0-64260.html				pending
classics-5-0	Classics 5.0		male	https://www.fragrantica.com/perfume/Zara/Classics-5-0-64255.html				pending
classics-6-0	Classics 6.0		male	https://www.fragrantica.com/perfume/Zara/Classics-6-0-64256.html				pending
classics-8-0	Classics 8.0		male	https://www.fragrantica.com/perfume/Zara/Classics-8-0-64257.html				pending
classics-9-0	Classics 9.0		male	https://www.fragrantica.com/perfume/Zara/Classics-9-0-64258.html				pending
clear-honeysuckle	Clear Honeysuckle		female	https://www.fragrantica.com/perfume/Zara/Clear-Honeysuckle-75691.html				pending
cloud-sorbet	Cloud Sorbet		female	https://www.fragrantica.com/perfume/Zara/Cloud-Sorbet-135639.html				pending
coastal-salty-forest	Coastal Salty Forest		male	https://www.fragrantica.com/perfume/Zara/Coastal-Salty-Forest-76753.html				pending
cocoa-and-latte	Cocoa & Latte		female	https://www.fragrantica.com/perfume/Zara/Cocoa-Latte-101839.html				pending
cocoa-01-collection-spirit	Cocoa 01 Collection Spirit		male	https://www.fragrantica.com/perfume/Zara/Cocoa-01-Collection-Spirit-112002.html				pending
cocoa-02-collection-indulgent	Cocoa 02 Collection Indulgent		male	https://www.fragrantica.com/perfume/Zara/Cocoa-02-Collection-Indulgent-112003.html				pending
cocoa-bliss	Cocoa Bliss		female	https://www.fragrantica.com/perfume/Zara/Cocoa-Bliss-101838.html				pending
cocoa-sunset	Cocoa Sunset		female	https://www.fragrantica.com/perfume/Zara/Cocoa-Sunset-101840.html				pending
cocoa-sunset-in-bali	Cocoa Sunset in Bali		female	https://www.fragrantica.com/perfume/Zara/Cocoa-Sunset-in-Bali-125718.html				pending
coconut-jasmine-sugar	Coconut Jasmine Sugar		female	https://www.fragrantica.com/perfume/Zara/Coconut-Jasmine-Sugar-126565.html				pending
coconut-tropic-tides	Coconut Tropic Tides		female	https://www.fragrantica.com/perfume/Zara/Coconut-Tropic-Tides-126566.html				pending
coeur-nocturne	Coeur Nocturne		female	https://www.fragrantica.com/perfume/Zara/Coeur-Nocturne-120669.html				pending
colosso	Colosso		male	https://www.fragrantica.com/perfume/Zara/Colosso-135159.html				pending
comme-dhabitude	Comme d'Habitude		male	https://www.fragrantica.com/perfume/Zara/Comme-d-Habitude-51222.html				pending
cool-heights	Cool Heights		male	https://www.fragrantica.com/perfume/Zara/Cool-Heights-57106.html				pending
copper-orange	Copper Orange		male	https://www.fragrantica.com/perfume/Zara/Copper-Orange-72140.html				pending
coral-cassis-eau-de-toilette	Coral Cassis Eau de Toilette	Eau de Toilette	female	https://www.fragrantica.com/perfume/Zara/Coral-Cassis-Eau-de-Toilette-61994.html				pending
coral-peony	Coral Peony		female	https://www.fragrantica.com/perfume/Zara/Coral-Peony-55083.html				pending
cotton-kiss-eau-de-toliette	Cotton Kiss Eau de Toliette		female	https://www.fragrantica.com/perfume/Zara/Cotton-Kiss-Eau-de-Toliette-61991.html				pending
covent-garden-52-56-long-acre-london	Covent Garden 52-56 Long Acre London		female	https://www.fragrantica.com/perfume/Zara/Covent-Garden-52-56-Long-Acre-London-41819.html				pending
cozy-serenade	Cozy Serenade		female	https://www.fragrantica.com/perfume/Zara/Cozy-Serenade-66926.html				pending
creatively-shanghai	Creatively Shanghai		unisex	https://www.fragrantica.com/perfume/Zara/Creatively-Shanghai-70525.html				pending
crispy-gardenia	Crispy Gardenia		female	https://www.fragrantica.com/perfume/Zara/Crispy-Gardenia-68679.html				pending
crude	Crude		male	https://www.fragrantica.com/perfume/Zara/Crude-51940.html				pending
creme-brulee	Crème Brûlée		female	https://www.fragrantica.com/perfume/Zara/Creme-Brulee-35074.html				pending
d-collection	D Collection		male	https://www.fragrantica.com/perfume/Zara/D-Collection-47401.html				pending
damascene-rose	Damascene Rose		female	https://www.fragrantica.com/perfume/Zara/Damascene-Rose-48023.html				pending
dandelion	Dandelion		female	https://www.fragrantica.com/perfume/Zara/Dandelion-43461.html				pending
dark-copper	Dark Copper		male	https://www.fragrantica.com/perfume/Zara/Dark-Copper-50124.html				pending
dark-crude	Dark Crude		male	https://www.fragrantica.com/perfume/Zara/Dark-Crude-51939.html				pending
dark-emerald	Dark Emerald		female	https://www.fragrantica.com/perfume/Zara/Dark-Emerald-40855.html				pending
dark-romance	Dark Romance		female	https://www.fragrantica.com/perfume/Zara/Dark-Romance-100799.html				pending
dark-wash	Dark Wash		male	https://www.fragrantica.com/perfume/Zara/Dark-Wash-65920.html				pending
dear-blossom	Dear Blossom		female	https://www.fragrantica.com/perfume/Zara/Dear-Blossom-51229.html				pending
dear-iris	Dear Iris		female	https://www.fragrantica.com/perfume/Zara/Dear-Iris-51230.html				pending
dear-lilac	Dear Lilac		female	https://www.fragrantica.com/perfume/Zara/Dear-Lilac-51231.html				pending
deep-blue-sea	Deep Blue Sea		male	https://www.fragrantica.com/perfume/Zara/Deep-Blue-Sea-53288.html				pending
deep-garden	Deep Garden		female	https://www.fragrantica.com/perfume/Zara/Deep-Garden-111989.html				pending
deep-garden-2018	Deep Garden 2018		female	https://www.fragrantica.com/perfume/Zara/Deep-Garden-2018-50186.html				pending
deep-garden-2023	Deep Garden 2023		female	https://www.fragrantica.com/perfume/Zara/Deep-Garden-2023-92195.html				pending
deep-temptation	Deep Temptation		female	https://www.fragrantica.com/perfume/Zara/Deep-Temptation-100941.html				pending
delicious-blossom	Delicious Blossom		female	https://www.fragrantica.com/perfume/Zara/Delicious-Blossom-38021.html				pending
delicious-blossom-2017	Delicious Blossom 2017		female	https://www.fragrantica.com/perfume/zara/Delicious-Blossom-2017-46183.html				pending
delicious-crush	Delicious Crush		female	https://www.fragrantica.com/perfume/Zara/Delicious-Crush-102682.html				pending
delighted-chaos	Delighted Chaos		female	https://www.fragrantica.com/perfume/Zara/Delighted-Chaos-66923.html				pending
destination-mars	Destination Mars		male	https://www.fragrantica.com/perfume/Zara/Destination-Mars-51221.html				pending
dnwr	DNWR		unisex	https://www.fragrantica.com/perfume/Zara/DNWR-68836.html				pending
dolce-nostalgia-vanilla-and-incense	Dolce Nostalgia Vanilla & Incense		unisex	https://www.fragrantica.com/perfume/Zara/Dolce-Nostalgia-Vanilla-Incense-138473.html				pending
dont-follow	Don't Follow		male	https://www.fragrantica.com/perfume/Zara/Don-t-Follow-52446.html				pending
dry-land	Dry Land		male	https://www.fragrantica.com/perfume/Zara/Dry-Land-52445.html				pending
duffy-duck	Duffy Duck		unisex	https://www.fragrantica.com/perfume/Zara/Duffy-Duck-64250.html				pending
earth-my-feelings	Earth My Feelings		male	https://www.fragrantica.com/perfume/Zara/Earth-My-Feelings-76854.html				pending
eau-de-gingembre-noir	Eau de Gingembre Noir		male	https://www.fragrantica.com/perfume/Zara/Eau-de-Gingembre-Noir-66912.html				pending
eau-de-verveine-vibrante	Eau de Verveine Vibrante		male	https://www.fragrantica.com/perfume/Zara/Eau-de-Verveine-Vibrante-66914.html				pending
eau-01-amalfi-coast	EAU/01 Amalfi Coast		male	https://www.fragrantica.com/perfume/Zara/EAU-01-Amalfi-Coast-87989.html				pending
eau-02-tanto-amore	EAU/02 Tanto Amore		male	https://www.fragrantica.com/perfume/Zara/EAU-02-Tanto-Amore-87990.html				pending
eau-03-positano-sunrise	EAU/03 Positano Sunrise		male	https://www.fragrantica.com/perfume/Zara/EAU-03-Positano-Sunrise-87991.html				pending
ebony-wood	Ebony Wood		unisex	https://www.fragrantica.com/perfume/Zara/Ebony-Wood-58157.html				pending
ebony-wood-elixir	Ebony Wood Elixir		male	https://www.fragrantica.com/perfume/Zara/Ebony-Wood-Elixir-124607.html				pending
elegant-opulence	Elegant Opulence		male	https://www.fragrantica.com/perfume/Zara/Elegant-Opulence-70428.html				pending
elegantly-tokyo	Elegantly Tokyo		unisex	https://www.fragrantica.com/perfume/Zara/Elegantly-Tokyo-70527.html				pending
elegantly-tokyo-elixir	Elegantly Tokyo Elixir		male	https://www.fragrantica.com/perfume/Zara/Elegantly-Tokyo-Elixir-124760.html				pending
elevated-oud	Elevated Oud		male	https://www.fragrantica.com/perfume/Zara/Elevated-Oud-84490.html				pending
elsa	Elsa		female	https://www.fragrantica.com/perfume/Zara/Elsa-65883.html				pending
emblematique-vetiver-perfume-oil	Emblematique Vetiver Perfume Oil	Perfume Oil	female	https://www.fragrantica.com/perfume/Zara/Emblematique-Vetiver-Perfume-Oil-78062.html				pending
emerald-enigma	Emerald Enigma		female	https://www.fragrantica.com/perfume/Zara/Emerald-Enigma-118762.html				pending
endless-oud	Endless Oud		female	https://www.fragrantica.com/perfume/Zara/Endless-Oud-74200.html				pending
energetically-new-york	Energetically New York		unisex	https://www.fragrantica.com/perfume/Zara/Energetically-New-York-70524.html				pending
energetically-new-york-elixir	Energetically New York Elixir		unisex	https://www.fragrantica.com/perfume/Zara/Energetically-New-York-Elixir-102029.html				pending
energy-vibe	Energy Vibe		female	https://www.fragrantica.com/perfume/Zara/Energy-Vibe-78058.html				pending
enigmatic-lotus	Enigmatic Lotus		female	https://www.fragrantica.com/perfume/Zara/Enigmatic-Lotus-92205.html				pending
eternal-devotion	Eternal Devotion		female	https://www.fragrantica.com/perfume/Zara/Eternal-Devotion-97616.html				pending
eternal-magnolia	Eternal Magnolia		female	https://www.fragrantica.com/perfume/Zara/Eternal-Magnolia-88313.html				pending
eternal-spring	Eternal Spring		female	https://www.fragrantica.com/perfume/Zara/Eternal-Spring-53995.html				pending
evening-flowers	Evening Flowers		female	https://www.fragrantica.com/perfume/Zara/Evening-Flowers-92207.html				pending
evening-maiden-orchid	Evening Maiden Orchid		female	https://www.fragrantica.com/perfume/Zara/Evening-Maiden-Orchid-81562.html				pending
evening-safari-drive	Evening Safari Drive		male	https://www.fragrantica.com/perfume/Zara/Evening-Safari-Drive-79101.html				pending
exclusive-oud	Exclusive Oud		male	https://www.fragrantica.com/perfume/Zara/Exclusive-Oud-40867.html				pending
exotic-maracuja	Exotic Maracuja		female	https://www.fragrantica.com/perfume/Zara/Exotic-Maracuja-109097.html				pending
exotic-mimosa	Exotic Mimosa		female	https://www.fragrantica.com/perfume/Zara/Exotic-Mimosa-75692.html				pending
extreme-12-0	Extreme 12.0		male	https://www.fragrantica.com/perfume/Zara/Extreme-12-0-64271.html				pending
extreme-14-0	Extreme 14.0		male	https://www.fragrantica.com/perfume/Zara/Extreme-14-0-64272.html				pending
extreme-5-0	Extreme 5.0		male	https://www.fragrantica.com/perfume/Zara/Extreme-5-0-64267.html				pending
extreme-6-0	Extreme 6.0		male	https://www.fragrantica.com/perfume/Zara/Extreme-6-0-64268.html				pending
extreme-8-0	Extreme 8.0		male	https://www.fragrantica.com/perfume/Zara/Extreme-8-0-64269.html				pending
extreme-9-0	Extreme 9.0		male	https://www.fragrantica.com/perfume/Zara/Extreme-9-0-64270.html				pending
extreme-fusion	Extreme Fusion		male	https://www.fragrantica.com/perfume/Zara/Extreme-Fusion-70426.html				pending
fabulous-sweet	Fabulous Sweet		female	https://www.fragrantica.com/perfume/Zara/Fabulous-Sweet-77028.html				pending
fashionably-london	Fashionably London		unisex	https://www.fragrantica.com/perfume/Zara/Fashionably-London-70519.html				pending
fashionably-london-elixir	Fashionably London Elixir		unisex	https://www.fragrantica.com/perfume/Zara/Fashionably-London-Elixir-102030.html				pending
feminine-spell	Feminine Spell		female	https://www.fragrantica.com/perfume/Zara/Feminine-Spell-134033.html				pending
femme	Femme		female	https://www.fragrantica.com/perfume/Zara/Femme-16586.html				pending
femme-aqua	Femme Aqua		female	https://www.fragrantica.com/perfume/Zara/Femme-Aqua-48601.html				pending
femme-glitter	Femme Glitter		female	https://www.fragrantica.com/perfume/Zara/Femme-Glitter-92198.html				pending
femme-intense	Femme Intense		female	https://www.fragrantica.com/perfume/Zara/Femme-Intense-57069.html				pending
femme-summer	Femme Summer		female	https://www.fragrantica.com/perfume/Zara/Femme-Summer-53278.html				pending
femme-summer-2021	Femme Summer 2021		female	https://www.fragrantica.com/perfume/Zara/Femme-Summer-2021-66908.html				pending
femme-winter	Femme Winter		female	https://www.fragrantica.com/perfume/Zara/Femme-Winter-56285.html				pending
fields-at-nightfall-2018	Fields at Nightfall 2018		female	https://www.fragrantica.com/perfume/Zara/Fields-at-Nightfall-2018-54393.html				pending
fields-at-nightfall-2020	Fields at Nightfall 2020		female	https://www.fragrantica.com/perfume/Zara/Fields-at-Nightfall-2020-64241.html				pending
fields-at-nightfall-blush	Fields at Nightfall Blush		female	https://www.fragrantica.com/perfume/Zara/Fields-at-Nightfall-Blush-104650.html				pending
fields-at-nightfall-intense	Fields At Nightfall Intense		female	https://www.fragrantica.com/perfume/Zara/Fields-At-Nightfall-Intense-111996.html				pending
fields-at-nightfall-intense-2024	Fields at Nightfall Intense 2024		female	https://www.fragrantica.com/perfume/Zara/Fields-at-Nightfall-Intense-2024-94343.html				pending
fire-my-strenght	Fire My Strenght		male	https://www.fragrantica.com/perfume/Zara/Fire-My-Strenght-76853.html				pending
fizzy-pink	Fizzy Pink		female	https://www.fragrantica.com/perfume/Zara/Fizzy-Pink-52491.html				pending
fleur-doranger	Fleur d'Oranger		unisex	https://www.fragrantica.com/perfume/Zara/Fleur-d-Oranger-58160.html				pending
fleur-de-baobab	Fleur de Baobab		female	https://www.fragrantica.com/perfume/Zara/Fleur-de-Baobab-51737.html				pending
fleur-de-patchouli	Fleur de Patchouli		unisex	https://www.fragrantica.com/perfume/Zara/Fleur-de-Patchouli-58161.html				pending
fleuriste-a-paris	Fleuriste A Paris		female	https://www.fragrantica.com/perfume/Zara/Fleuriste-A-Paris-44744.html				pending
fleurs-sublimes-for-her	Fleurs Sublimes For Her		female	https://www.fragrantica.com/perfume/Zara/Fleurs-Sublimes-For-Her-63265.html				pending
fleurs-sublimes-for-him	Fleurs Sublimes For Him		male	https://www.fragrantica.com/perfume/Zara/Fleurs-Sublimes-For-Him-63276.html				pending
floating-around	Floating Around		male	https://www.fragrantica.com/perfume/Zara/Floating-Around-66531.html				pending
flor-de-azahar	Flor de Azahar		female	https://www.fragrantica.com/perfume/Zara/Flor-de-Azahar-5418.html				pending
floral	Floral		female	https://www.fragrantica.com/perfume/Zara/Floral-16573.html				pending
floral-bouquet-for-a-sunset-in-the-market	Floral Bouquet For a Sunset in The Market		female	https://www.fragrantica.com/perfume/Zara/Floral-Bouquet-For-a-Sunset-in-The-Market-36404.html				pending
floral-iridiscent	Floral Iridiscent		female	https://www.fragrantica.com/perfume/Zara/Floral-Iridiscent-63251.html				pending
floral-serenity	Floral Serenity		female	https://www.fragrantica.com/perfume/Zara/Floral-Serenity-92204.html				pending
florence-piazza-della-signora-city-center	Florence Piazza Della Signora City Center		male	https://www.fragrantica.com/perfume/Zara/Florence-Piazza-Della-Signora-City-Center-65890.html				pending
flwr-001-alm	FLWR 001/ALM		female	https://www.fragrantica.com/perfume/Zara/FLWR-001-ALM-66980.html				pending
for-him-2022	For Him 2022		male	https://www.fragrantica.com/perfume/Zara/For-Him-2022-78047.html				pending
for-him-black-edition-2022	For Him Black Edition 2022		male	https://www.fragrantica.com/perfume/Zara/For-Him-Black-Edition-2022-78048.html				pending
for-him-black-edition-intense	For Him Black Edition Intense		male	https://www.fragrantica.com/perfume/Zara/For-Him-Black-Edition-Intense-101848.html				pending
for-him-blue-edition	For Him Blue Edition		male	https://www.fragrantica.com/perfume/Zara/For-Him-Blue-Edition-78050.html				pending
for-him-blue-sport	For Him Blue Sport		male	https://www.fragrantica.com/perfume/Zara/For-Him-Blue-Sport-55084.html				pending
for-him-red-edition	For Him Red Edition		male	https://www.fragrantica.com/perfume/Zara/For-Him-Red-Edition-78049.html				pending
for-him-silver-sport	For Him Silver Sport		male	https://www.fragrantica.com/perfume/Zara/For-Him-Silver-Sport-55085.html				pending
forbidden-pink	Forbidden Pink		female	https://www.fragrantica.com/perfume/Zara/Forbidden-Pink-88363.html				pending
forget-me-not	Forget Me Not		female	https://www.fragrantica.com/perfume/Zara/Forget-Me-Not-36910.html				pending
forget-me-not-aqua	Forget Me Not Aqua		female	https://www.fragrantica.com/perfume/Zara/Forget-Me-Not-Aqua-48598.html				pending
frayed-edge	Frayed Edge		male	https://www.fragrantica.com/perfume/Zara/Frayed-Edge-65921.html				pending
fresh-ritual	Fresh Ritual		female	https://www.fragrantica.com/perfume/Zara/Fresh-Ritual-53997.html				pending
fresh-sandalwood	Fresh Sandalwood		male	https://www.fragrantica.com/perfume/Zara/Fresh-Sandalwood-56288.html				pending
fresia	Fresia		female	https://www.fragrantica.com/perfume/Zara/Fresia-13168.html				pending
friday-freaking-gorgeous	Friday - Freaking Gorgeous		unisex	https://www.fragrantica.com/perfume/Zara/Friday-Freaking-Gorgeous-83877.html				pending
friday-from-22-00-pm	Friday from 22-00 PM		male	https://www.fragrantica.com/perfume/Zara/Friday-from-22-00-PM-80541.html				pending
from-paris-to-new-york	From Paris To New York		male	https://www.fragrantica.com/perfume/Zara/From-Paris-To-New-York-51941.html				pending
from-zara-with-love-intense	From Zara With Love Intense		female	https://www.fragrantica.com/perfume/Zara/From-Zara-With-Love-Intense-28861.html				pending
from-zara-with-love-summer-edition	From Zara With Love Summer Edition		female	https://www.fragrantica.com/perfume/Zara/From-Zara-With-Love-Summer-Edition-31150.html				pending
from-zara-with-pretty-love	From Zara With Pretty Love		female	https://www.fragrantica.com/perfume/Zara/From-Zara-With-Pretty-Love-28862.html				pending
from-zara-with-vanity	From Zara With Vanity		female	https://www.fragrantica.com/perfume/Zara/From-Zara-With-Vanity-51132.html				pending
frosted-cream	Frosted Cream		female	https://www.fragrantica.com/perfume/Zara/Frosted-Cream-52490.html				pending
frosted-cream-2019	Frosted Cream 2019		female	https://www.fragrantica.com/perfume/Zara/Frosted-Cream-2019-53991.html				pending
frozen-eau-de-toilette	Frozen Eau de Toilette	Eau de Toilette	female	https://www.fragrantica.com/perfume/Zara/Frozen-Eau-de-Toilette-39166.html				pending
frozen-pure-forest	Frozen Pure Forest		male	https://www.fragrantica.com/perfume/Zara/Frozen-Pure-Forest-76751.html				pending
frsh-003-frv	FRSH 003/FRV		female	https://www.fragrantica.com/perfume/Zara/FRSH-003-FRV-66981.html				pending
fruity	Fruity		female	https://www.fragrantica.com/perfume/Zara/Fruity-16572.html				pending
full-moon-over-the-desert	Full Moon Over The Desert		male	https://www.fragrantica.com/perfume/Zara/Full-Moon-Over-The-Desert-79099.html				pending
full-of-light	Full Of Light		female	https://www.fragrantica.com/perfume/Zara/Full-Of-Light-63271.html				pending
future-rose	Future Rose		female	https://www.fragrantica.com/perfume/Zara/Future-Rose-75689.html				pending
ganache-tonka	Ganache Tonka		male	https://www.fragrantica.com/perfume/Zara/Ganache-Tonka-45230.html				pending
gardenia	Gardenia		female	https://www.fragrantica.com/perfume/Zara/Gardenia-68682.html				pending
gardenia-2021	Gardenia 2021		female	https://www.fragrantica.com/perfume/Zara/Gardenia-2021-69811.html				pending
gardenia-eau-de-parfum	Gardenia Eau de Parfum	Eau de Parfum	female	https://www.fragrantica.com/perfume/Zara/Gardenia-Eau-de-Parfum-93281.html				pending
gardens-in-the-desert-sand	Gardens In The Desert Sand		male	https://www.fragrantica.com/perfume/Zara/Gardens-In-The-Desert-Sand-52451.html				pending
giovanna	Giovanna		female	https://www.fragrantica.com/perfume/Zara/Giovanna-14439.html				pending
give-me-a-sign-into-the-joyful	Give Me A Sign (Into The Joyful)		female	https://www.fragrantica.com/perfume/Zara/Give-Me-A-Sign-Into-The-Joyful-88201.html				pending
gleam-of-the-moon-into-the-gourmand	Gleam Of The Moon (Into The Gourmand)		female	https://www.fragrantica.com/perfume/Zara/Gleam-Of-The-Moon-Into-The-Gourmand-88200.html				pending
glitter-rainbow	Glitter Rainbow		female	https://www.fragrantica.com/perfume/Zara/Glitter-Rainbow-63253.html				pending
gloss-a-levre	Gloss À Levre		female	https://www.fragrantica.com/perfume/Zara/Gloss-A-Levre-54397.html				pending
go-fruity	Go Fruity		female	https://www.fragrantica.com/perfume/Zara/Go-Fruity-63270.html				pending
go-fruity-glitter	Go Fruity Glitter		female	https://www.fragrantica.com/perfume/Zara/Go-Fruity-Glitter-92202.html				pending
gold	Gold		male	https://www.fragrantica.com/perfume/Zara/Gold-72326.html				pending
gold-65900	Gold		male	https://www.fragrantica.com/perfume/Zara/Gold-65900.html				pending
gold-gourmand	Gold Gourmand		female	https://www.fragrantica.com/perfume/Zara/Gold-Gourmand-63252.html				pending
gold-oddity	Gold Oddity		female	https://www.fragrantica.com/perfume/Zara/Gold-Oddity-89149.html				pending
golden-chai	Golden Chai		female	https://www.fragrantica.com/perfume/Zara/Golden-Chai-125492.html				pending
golden-decade	Golden Decade		female	https://www.fragrantica.com/perfume/Zara/Golden-Decade-69404.html				pending
golden-decade-elixir-parfum	Golden Decade Elixir Parfum	Parfum	female	https://www.fragrantica.com/perfume/Zara/Golden-Decade-Elixir-Parfum-97019.html				pending
golden-decade-floral	Golden Decade Floral		female	https://www.fragrantica.com/perfume/Zara/Golden-Decade-Floral-93099.html				pending
golden-decade-ruby	Golden Decade Ruby		female	https://www.fragrantica.com/perfume/Zara/Golden-Decade-Ruby-102937.html				pending
golden-decade-summer	Golden Decade Summer		female	https://www.fragrantica.com/perfume/Zara/Golden-Decade-Summer-92190.html				pending
golden-decade-sweet	Golden Decade Sweet		female	https://www.fragrantica.com/perfume/Zara/Golden-Decade-Sweet-93098.html				pending
golden-decade-winter	Golden Decade Winter		female	https://www.fragrantica.com/perfume/Zara/Golden-Decade-Winter-84761.html				pending
golden-fog	Golden Fog		male	https://www.fragrantica.com/perfume/Zara/Golden-Fog-101851.html				pending
gourmand-addict	Gourmand Addict		female	https://www.fragrantica.com/perfume/Zara/Gourmand-Addict-53996.html				pending
gourmand-coffee	Gourmand Coffee		unisex	https://www.fragrantica.com/perfume/Zara/Gourmand-Coffee-112703.html				pending
gourmand-leather	Gourmand Leather		male	https://www.fragrantica.com/perfume/Zara/Gourmand-Leather-43905.html				pending
gourmand-leather-2019	Gourmand Leather 2019		male	https://www.fragrantica.com/perfume/Zara/Gourmand-Leather-2019-55091.html				pending
gourmand-leather-no0059	Gourmand Leather Nº0059		male	https://www.fragrantica.com/perfume/Zara/Gourmand-Leather-No0059-74436.html				pending
gracefully-madrid	Gracefully Madrid		unisex	https://www.fragrantica.com/perfume/Zara/Gracefully-Madrid-70528.html				pending
gracefully-me	Gracefully Me		female	https://www.fragrantica.com/perfume/Zara/Gracefully-Me-138840.html				pending
grapefruit-incense	Grapefruit Incense		female	https://www.fragrantica.com/perfume/Zara/Grapefruit-Incense-72613.html				pending
green-savage	Green Savage		male	https://www.fragrantica.com/perfume/Zara/Green-Savage-72141.html				pending
greenery	Greenery		male	https://www.fragrantica.com/perfume/Zara/Greenery-57108.html				pending
grey-soul	Grey Soul		male	https://www.fragrantica.com/perfume/Zara/Grey-Soul-57597.html				pending
happy-bliss	Happy Bliss		female	https://www.fragrantica.com/perfume/Zara/Happy-Bliss-88455.html				pending
healthy-pop	Healthy Pop		female	https://www.fragrantica.com/perfume/Zara/Healthy-Pop-63272.html				pending
heart-of-ylang	Heart Of Ylang		female	https://www.fragrantica.com/perfume/Zara/Heart-Of-Ylang-47917.html				pending
heavenly-blanc	Heavenly Blanc		female	https://www.fragrantica.com/perfume/Zara/Heavenly-Blanc-134034.html				pending
hello-kitty	Hello Kitty		female	https://www.fragrantica.com/perfume/Zara/Hello-Kitty-65885.html				pending
hi-lo-country-summer	Hi - Lo Country Summer		male	https://www.fragrantica.com/perfume/Zara/Hi-Lo-Country-Summer-55092.html				pending
hi-lo-country	Hi-Lo Country		male	https://www.fragrantica.com/perfume/Zara/Hi-Lo-Country-52447.html				pending
hibiscus	Hibiscus		female	https://www.fragrantica.com/perfume/Zara/Hibiscus-73796.html				pending
hip-hop-red-apple-eau-de-toilette	Hip Hop Red Apple Eau de Toilette	Eau de Toilette	female	https://www.fragrantica.com/perfume/Zara/Hip-Hop-Red-Apple-Eau-de-Toilette-64199.html				pending
hipster-oud	Hipster Oud		female	https://www.fragrantica.com/perfume/Zara/Hipster-Oud-74199.html				pending
holistic-flow	Holistic Flow		female	https://www.fragrantica.com/perfume/Zara/Holistic-Flow-66928.html				pending
honolulu-1450-ala-moana-boulevard	Honolulu 1450 Ala Moana Boulevard		male	https://www.fragrantica.com/perfume/Zara/Honolulu-1450-Ala-Moana-Boulevard-72170.html				pending
hopeful-bergamot	Hopeful Bergamot		female	https://www.fragrantica.com/perfume/Zara/Hopeful-Bergamot-66919.html				pending
hyper-gipsy	Hyper Gipsy		female	https://www.fragrantica.com/perfume/Zara/Hyper-Gipsy-42458.html				pending
hypnotic-vanilla	Hypnotic Vanilla		unisex	https://www.fragrantica.com/perfume/Zara/Hypnotic-Vanilla-85038.html				pending
hypnotic-vanilla-bloom	Hypnotic Vanilla Bloom		unisex	https://www.fragrantica.com/perfume/Zara/Hypnotic-Vanilla-Bloom-93108.html				pending
hypnotic-vanilla-cloud	Hypnotic Vanilla Cloud		female	https://www.fragrantica.com/perfume/Zara/Hypnotic-Vanilla-Cloud-98430.html				pending
i-love-petals	I Love Petals		female	https://www.fragrantica.com/perfume/Zara/I-Love-Petals-46184.html				pending
ice-walk	Ice Walk		male	https://www.fragrantica.com/perfume/Zara/Ice-Walk-52450.html				pending
idle-day	Idle Day		female	https://www.fragrantica.com/perfume/Zara/Idle-Day-54396.html				pending
il-homme	Il Homme		male	https://www.fragrantica.com/perfume/Zara/Il-Homme-10931.html				pending
immortal-vanilla	Immortal Vanilla		female	https://www.fragrantica.com/perfume/Zara/Immortal-Vanilla-100942.html				pending
immortal-vanilla-bloom	Immortal Vanilla Bloom		female	https://www.fragrantica.com/perfume/Zara/Immortal-Vanilla-Bloom-112001.html				pending
impact-masculin	Impact Masculin		male	https://www.fragrantica.com/perfume/Zara/Impact-Masculin-41962.html				pending
imperial-purple	Imperial Purple		male	https://www.fragrantica.com/perfume/Zara/Imperial-Purple-79048.html				pending
in-fiji	In Fiji		male	https://www.fragrantica.com/perfume/Zara/In-Fiji-72634.html				pending
in-st-tropez	In St Tropez		male	https://www.fragrantica.com/perfume/Zara/In-St-Tropez-72632.html				pending
in-tulum	In Tulum		male	https://www.fragrantica.com/perfume/Zara/In-Tulum-72633.html				pending
incense-sunset	Incense Sunset		unisex	https://www.fragrantica.com/perfume/Zara/Incense-Sunset-69128.html				pending
indigo-mohair	Indigo Mohair		female	https://www.fragrantica.com/perfume/Zara/Indigo-Mohair-63089.html				pending
inestimable-santal-perfume-oil	Inestimable Santal Perfume Oil	Perfume Oil	female	https://www.fragrantica.com/perfume/Zara/Inestimable-Santal-Perfume-Oil-78063.html				pending
infinite-rich-warm	Infinite Rich Warm		unisex	https://www.fragrantica.com/perfume/Zara/Infinite-Rich-Warm-92679.html				pending
infinite-wave	Infinite Wave		male	https://www.fragrantica.com/perfume/Zara/Infinite-Wave-78053.html				pending
intense	Intense		female	https://www.fragrantica.com/perfume/Zara/Intense-16571.html				pending
intense-vetyver	Intense Vetyver		male	https://www.fragrantica.com/perfume/Zara/Intense-Vetyver-23556.html				pending
iris	Iris		female	https://www.fragrantica.com/perfume/Zara/Iris-13166.html				pending
iris-veil	Iris Veil		female	https://www.fragrantica.com/perfume/Zara/Iris-Veil-111993.html				pending
jackfruit	Jackfruit		female	https://www.fragrantica.com/perfume/Zara/Jackfruit-49329.html				pending
jasmine-illusion	Jasmine Illusion		female	https://www.fragrantica.com/perfume/Zara/Jasmine-Illusion-66918.html				pending
jasmine-musc	Jasmine Musc		female	https://www.fragrantica.com/perfume/Zara/Jasmine-Musc-14675.html				pending
jos-rhubarb	Jo's Rhubarb		unisex	https://www.fragrantica.com/perfume/Zara/Jo-s-Rhubarb-66508.html				pending
joyful-tuberose	Joyful Tuberose		female	https://www.fragrantica.com/perfume/Zara/Joyful-Tuberose-36908.html				pending
juicy-infusion	Juicy Infusion		female	https://www.fragrantica.com/perfume/Zara/Juicy-Infusion-90144.html				pending
katie	Katie		female	https://www.fragrantica.com/perfume/Zara/Katie-14440.html				pending
kilsbergen	Kilsbergen		male	https://www.fragrantica.com/perfume/Zara/Kilsbergen-47977.html				pending
l-lily-pad	L Lily Pad		female	https://www.fragrantica.com/perfume/Zara/L-Lily-Pad-63247.html				pending
lobscurite-de-leau	L'Obscurite de L'Eau		male	https://www.fragrantica.com/perfume/Zara/L-Obscurite-de-L-Eau-66913.html				pending
la-lumiere-de-pamplemousse	La Lumiere de Pamplemousse		male	https://www.fragrantica.com/perfume/Zara/La-Lumiere-de-Pamplemousse-66915.html				pending
laboratori-di-saponi-in-roma	Laboratori Di Saponi In Roma		female	https://www.fragrantica.com/perfume/Zara/Laboratori-Di-Saponi-In-Roma-44746.html				pending
lasting-desire	Lasting Desire		male	https://www.fragrantica.com/perfume/Zara/Lasting-Desire-70427.html				pending
lavender-memories	Lavender Memories		female	https://www.fragrantica.com/perfume/Zara/Lavender-Memories-66916.html				pending
le-petit-lullaby	Le Petit Lullaby		unisex	https://www.fragrantica.com/perfume/Zara/Le-Petit-Lullaby-64201.html				pending
leather-jardin	Leather Jardin		unisex	https://www.fragrantica.com/perfume/Zara/Leather-Jardin-69129.html				pending
leather-jardin-90140	Leather Jardin		unisex	https://www.fragrantica.com/perfume/Zara/Leather-Jardin-90140.html				pending
legend-iron	Legend Iron		male	https://www.fragrantica.com/perfume/Zara/Legend-Iron-50125.html				pending
lemon-lazuli	Lemon Lazuli		male	https://www.fragrantica.com/perfume/Zara/Lemon-Lazuli-72171.html				pending
lemon-pie	Lemon Pie		female	https://www.fragrantica.com/perfume/Zara/Lemon-Pie-49328.html				pending
les-heures-passent-into-the-joyful	Les Heures Passent (Into The Joyful)		female	https://www.fragrantica.com/perfume/Zara/Les-Heures-Passent-Into-The-Joyful-84461.html				pending
lightly-bloom	Lightly Bloom		female	https://www.fragrantica.com/perfume/Zara/Lightly-Bloom-111990.html				pending
lightly-bloom-2018	Lightly Bloom 2018		female	https://www.fragrantica.com/perfume/Zara/Lightly-Bloom-2018-50187.html				pending
lilas-japonica-into-the-floral	Lilas Japonica (Into The Floral)		female	https://www.fragrantica.com/perfume/Zara/Lilas-Japonica-Into-The-Floral-88203.html				pending
lily-pad	Lily Pad		female	https://www.fragrantica.com/perfume/Zara/Lily-Pad-41820.html				pending
lilys-nest	Lilys Nest		female	https://www.fragrantica.com/perfume/Zara/Lilys-Nest-92203.html				pending
lime-tiare	Lime Tiare		female	https://www.fragrantica.com/perfume/Zara/Lime-Tiare-14673.html				pending
linen-musk	Linen Musk		female	https://www.fragrantica.com/perfume/Zara/Linen-Musk-95911.html				pending
lip-and-cheek	Lip & Cheek		female	https://www.fragrantica.com/perfume/Zara/Lip-Cheek-54398.html				pending
lirio-de-agua	Lirio de Agua		female	https://www.fragrantica.com/perfume/Zara/Lirio-de-Agua-5419.html				pending
lisboa-colombo-avenida-do-colegio-militar-2022	Lisboa Colombo Avenida do Colegio Militar 2022		male	https://www.fragrantica.com/perfume/Zara/Lisboa-Colombo-Avenida-do-Colegio-Militar-2022-72331.html				pending
livre-blanc	Livre Blanc		male	https://www.fragrantica.com/perfume/Zara/Livre-Blanc-84494.html				pending
london-saville-row-mayfair	London Saville Row Mayfair		male	https://www.fragrantica.com/perfume/Zara/London-Saville-Row-Mayfair-65892.html				pending
los-angeles-6902-hollywood-boulevard	Los Angeles 6902 Hollywood Boulevard		male	https://www.fragrantica.com/perfume/Zara/Los-Angeles-6902-Hollywood-Boulevard-72330.html				pending
love-explosion-special-edition	Love Explosion Special Edition		female	https://www.fragrantica.com/perfume/Zara/Love-Explosion-Special-Edition-90025.html				pending
lth-01-still-l-e-a-t-h-e-r	LTH/01 STILL L.E.A.T.H.E.R.		male	https://www.fragrantica.com/perfume/Zara/LTH-01-STILL-L-E-A-T-H-E-R-87992.html				pending
lth-02-leather-freestyle	LTH/02 Leather Freestyle		male	https://www.fragrantica.com/perfume/Zara/LTH-02-Leather-Freestyle-87993.html				pending
lth-03-know-the-leather	LTH/03 Know The Leather		male	https://www.fragrantica.com/perfume/Zara/LTH-03-Know-The-Leather-87994.html				pending
luminous-garden	Luminous Garden		female	https://www.fragrantica.com/perfume/Zara/Luminous-Garden-53282.html				pending
luminous-nectar	Luminous Nectar		female	https://www.fragrantica.com/perfume/Zara/Luminous-Nectar-72494.html				pending
lush-vanilla	Lush Vanilla		female	https://www.fragrantica.com/perfume/Zara/Lush-Vanilla-107917.html				pending
lush-vetiver	Lush Vetiver		male	https://www.fragrantica.com/perfume/Zara/Lush-Vetiver-84075.html				pending
lviii	LVIII		female	https://www.fragrantica.com/perfume/Zara/LVIII-38044.html				pending
lxi	LXI		female	https://www.fragrantica.com/perfume/Zara/LXI-38043.html				pending
lxxxv	LXXXV		female	https://www.fragrantica.com/perfume/Zara/LXXXV-38045.html				pending
lxxxv-the-limited-collection	LXXXV The Limited Collection		female	https://www.fragrantica.com/perfume/Zara/LXXXV-The-Limited-Collection-69132.html				pending
lychee-and-lemongrass	Lychee & Lemongrass		female	https://www.fragrantica.com/perfume/Zara/Lychee-Lemongrass-136727.html				pending
macaroon-cream	Macaroon Cream		female	https://www.fragrantica.com/perfume/Zara/Macaroon-Cream-118103.html				pending
magic-trick	Magic Trick		female	https://www.fragrantica.com/perfume/Zara/Magic-Trick-88453.html				pending
magnificent-black	Magnificent Black		male	https://www.fragrantica.com/perfume/Zara/Magnificent-Black-79047.html				pending
magnificently-dubai	Magnificently Dubai		unisex	https://www.fragrantica.com/perfume/Zara/Magnificently-Dubai-70522.html				pending
maison-dete	Maison d'Été		female	https://www.fragrantica.com/perfume/Zara/Maison-d-Ete-134031.html				pending
majestic-green	Majestic Green		male	https://www.fragrantica.com/perfume/Zara/Majestic-Green-79045.html				pending
majestic-lilas	Majestic Lilas		female	https://www.fragrantica.com/perfume/Zara/Majestic-Lilas-81567.html				pending
majestic-opulence	Majestic Opulence		female	https://www.fragrantica.com/perfume/Zara/Majestic-Opulence-69403.html				pending
majestic-silver	Majestic Silver		female	https://www.fragrantica.com/perfume/Zara/Majestic-Silver-89148.html				pending
man-blue-spirit	Man Blue Spirit		male	https://www.fragrantica.com/perfume/Zara/Man-Blue-Spirit-43468.html				pending
man-gold	Man Gold		male	https://www.fragrantica.com/perfume/Zara/Man-Gold-43467.html				pending
man-silver-2017	Man Silver 2017		male	https://www.fragrantica.com/perfume/Zara/Man-Silver-2017-43469.html				pending
man-silver-2019	Man Silver 2019		male	https://www.fragrantica.com/perfume/Zara/Man-Silver-2019-54001.html				pending
man-silver-winter	Man Silver Winter		male	https://www.fragrantica.com/perfume/Zara/Man-Silver-Winter-56291.html				pending
man-uomo	Man Uomo		male	https://www.fragrantica.com/perfume/Zara/Man-Uomo-43466.html				pending
mandarin-desire	Mandarin Desire		female	https://www.fragrantica.com/perfume/Zara/Mandarin-Desire-66917.html				pending
mango-coffee	Mango Coffee		unisex	https://www.fragrantica.com/perfume/Zara/Mango-Coffee-112702.html				pending
maria	Maria		female	https://www.fragrantica.com/perfume/Zara/Maria-14437.html				pending
marshmallow-addiction	Marshmallow Addiction		female	https://www.fragrantica.com/perfume/Zara/Marshmallow-Addiction-74092.html				pending
marshmallow-addiction-eau-de-parfum	Marshmallow Addiction Eau de Parfum	Eau de Parfum	female	https://www.fragrantica.com/perfume/Zara/Marshmallow-Addiction-Eau-de-Parfum-81569.html				pending
marshmallow-glow	Marshmallow Glow		female	https://www.fragrantica.com/perfume/Zara/Marshmallow-Glow-118104.html				pending
marvel-spiderman	Marvel Spiderman		male	https://www.fragrantica.com/perfume/Zara/Marvel-Spiderman-39175.html				pending
matcha-mochi	Matcha Mochi		female	https://www.fragrantica.com/perfume/Zara/Matcha-Mochi-102713.html				pending
matin	Matin		female	https://www.fragrantica.com/perfume/Zara/Matin-17416.html				pending
memoire-intense	Memoire Intense		female	https://www.fragrantica.com/perfume/Zara/Memoire-Intense-69402.html				pending
memorable-aura	Memorable Aura		unisex	https://www.fragrantica.com/perfume/Zara/Memorable-Aura-83870.html				pending
memorable-oud	Memorable Oud		male	https://www.fragrantica.com/perfume/Zara/Memorable-Oud-84489.html				pending
merino-musk	Merino Musk		female	https://www.fragrantica.com/perfume/Zara/Merino-Musk-95910.html				pending
metallic-flower	Metallic Flower		female	https://www.fragrantica.com/perfume/Zara/Metallic-Flower-63254.html				pending
metallic-spirit	Metallic Spirit		male	https://www.fragrantica.com/perfume/Zara/Metallic-Spirit-53290.html				pending
mexico-bulevard-puerta-del-hierro-4965	Mexico Bulevard Puerta Del Hierro 4965		male	https://www.fragrantica.com/perfume/Zara/Mexico-Bulevard-Puerta-Del-Hierro-4965-93512.html				pending
mexico-soul	Mexico Soul		male	https://www.fragrantica.com/perfume/Zara/Mexico-Soul-57685.html				pending
miami-lincoln-road-420	Miami Lincoln Road 420		male	https://www.fragrantica.com/perfume/Zara/Miami-Lincoln-Road-420-93513.html				pending
mickey-mouse	Mickey Mouse		unisex	https://www.fragrantica.com/perfume/Zara/Mickey-Mouse-64244.html				pending
midnight-hour	Midnight Hour		male	https://www.fragrantica.com/perfume/Zara/Midnight-Hour-65915.html				pending
midsummer-collection-deep-fougere	Midsummer Collection Deep Fougere		male	https://www.fragrantica.com/perfume/Zara/Midsummer-Collection-Deep-Fougere-44962.html				pending
midsummer-collection-orange-zest	Midsummer Collection Orange Zest		male	https://www.fragrantica.com/perfume/Zara/Midsummer-Collection-Orange-Zest-44963.html				pending
mimosa-cloud-eau-de-toilette	Mimosa Cloud Eau de Toilette	Eau de Toilette	female	https://www.fragrantica.com/perfume/Zara/Mimosa-Cloud-Eau-de-Toilette-61993.html				pending
mineral-blue	Mineral Blue		male	https://www.fragrantica.com/perfume/Zara/Mineral-Blue-42941.html				pending
minimal-black	Minimal Black		male	https://www.fragrantica.com/perfume/Zara/Minimal-Black-42942.html				pending
minnie-mouse	Minnie Mouse		female	https://www.fragrantica.com/perfume/Zara/Minnie-Mouse-64245.html				pending
molten-steel	Molten Steel		male	https://www.fragrantica.com/perfume/Zara/Molten-Steel-50123.html				pending
monday-no-drama-allowed	Monday - No Drama Allowed		unisex	https://www.fragrantica.com/perfume/Zara/Monday-No-Drama-Allowed-83873.html				pending
montsouris	Montsouris		unisex	https://www.fragrantica.com/perfume/Zara/Montsouris-63080.html				pending
moonlight-whisper	Moonlight Whisper		female	https://www.fragrantica.com/perfume/Zara/Moonlight-Whisper-92835.html				pending
moonlight-whisper-intense	Moonlight Whisper Intense		female	https://www.fragrantica.com/perfume/Zara/Moonlight-Whisper-Intense-101043.html				pending
moonrise-on-the-horizon-intense	Moonrise on the Horizon Intense		unisex	https://www.fragrantica.com/perfume/Zara/Moonrise-on-the-Horizon-Intense-138296.html				pending
morning-grasse	Morning Grasse		female	https://www.fragrantica.com/perfume/Zara/Morning-Grasse-50188.html				pending
morning-sunray-in-sevilla	Morning Sunray In Sevilla		unisex	https://www.fragrantica.com/perfume/Zara/Morning-Sunray-In-Sevilla-66897.html				pending
mountain-woody-forest	Mountain Woody Forest		male	https://www.fragrantica.com/perfume/Zara/Mountain-Woody-Forest-76754.html				pending
msk-004-ntl	MSK 004/NTL		female	https://www.fragrantica.com/perfume/Zara/MSK-004-NTL-66982.html				pending
mundaka	Mundaka		male	https://www.fragrantica.com/perfume/Zara/Mundaka-55093.html				pending
musk-au-lait	Musk au Lait		female	https://www.fragrantica.com/perfume/Zara/Musk-au-Lait-125493.html				pending
musk-confidential	Musk Confidential		female	https://www.fragrantica.com/perfume/Zara/Musk-Confidential-95907.html				pending
musk-for-a-perfect-walk	Musk For a Perfect Walk		female	https://www.fragrantica.com/perfume/Zara/Musk-For-a-Perfect-Walk-36403.html				pending
myself-flower	Myself Flower		female	https://www.fragrantica.com/perfume/Zara/Myself-Flower-92193.html				pending
mystery-balance	Mystery Balance		female	https://www.fragrantica.com/perfume/Zara/Mystery-Balance-66927.html				pending
mystic-rose	Mystic Rose		female	https://www.fragrantica.com/perfume/Zara/Mystic-Rose-90457.html				pending
mystical-metal	Mystical Metal		female	https://www.fragrantica.com/perfume/Zara/Mystical-Metal-89147.html				pending
n004-spring-blossom-cascade	N004 Spring Blossom Cascade		female	https://www.fragrantica.com/perfume/Zara/N004-Spring-Blossom-Cascade-67763.html				pending
navy-black-2020	Navy Black 2020		male	https://www.fragrantica.com/perfume/Zara/Navy-Black-2020-62360.html				pending
neo-green-edition	Neo Green Edition		male	https://www.fragrantica.com/perfume/Zara/Neo-Green-Edition-106419.html				pending
neroli-sunset	Neroli Sunset		female	https://www.fragrantica.com/perfume/Zara/Neroli-Sunset-60139.html				pending
night-pour-homme-v	Night Pour Homme V		male	https://www.fragrantica.com/perfume/Zara/Night-Pour-Homme-V-62365.html				pending
night-skyline	Night Skyline		male	https://www.fragrantica.com/perfume/Zara/Night-Skyline-65917.html				pending
nightfall-blue	Nightfall Blue		male	https://www.fragrantica.com/perfume/Zara/Nightfall-Blue-62361.html				pending
nightfall-in-madrid	Nightfall In Madrid		unisex	https://www.fragrantica.com/perfume/Zara/Nightfall-In-Madrid-66901.html				pending
no-1-rose-petal-drops	No 1 Rose Petal Drops		female	https://www.fragrantica.com/perfume/Zara/No-1-Rose-Petal-Drops-66904.html				pending
no-2-bergamot-and-leather-spritz	No 2 Bergamot and Leather Spritz		female	https://www.fragrantica.com/perfume/Zara/No-2-Bergamot-and-Leather-Spritz-66905.html				pending
no-3-citrus-meze	No 3 Citrus Meze		female	https://www.fragrantica.com/perfume/Zara/No-3-Citrus-Meze-66906.html				pending
no-4-amber-and-fig-cashmere	No 4 Amber & Fig Cashmere		female	https://www.fragrantica.com/perfume/Zara/No-4-Amber-Fig-Cashmere-66907.html				pending
no-day	No Day		male	https://www.fragrantica.com/perfume/Zara/No-Day-57590.html				pending
no-night	No Night		male	https://www.fragrantica.com/perfume/Zara/No-Night-57591.html				pending
no-plans	No Plans		male	https://www.fragrantica.com/perfume/Zara/No-Plans-66530.html				pending
noble-palo-santo	Noble Palo Santo		male	https://www.fragrantica.com/perfume/Zara/Noble-Palo-Santo-56290.html				pending
noble-wisteria	Noble Wisteria		female	https://www.fragrantica.com/perfume/Zara/Noble-Wisteria-81564.html				pending
nobody-knows-into-the-woods	Nobody Knows (Into The Woods)		female	https://www.fragrantica.com/perfume/Zara/Nobody-Knows-Into-The-Woods-84459.html				pending
nocturnal-life	Nocturnal Life		female	https://www.fragrantica.com/perfume/Zara/Nocturnal-Life-84763.html				pending
nocturnal-velvet	Nocturnal Velvet		female	https://www.fragrantica.com/perfume/Zara/Nocturnal-Velvet-97617.html				pending
nomadic-kiss	Nomadic Kiss		female	https://www.fragrantica.com/perfume/Zara/Nomadic-Kiss-66921.html				pending
norrland	Norrland		male	https://www.fragrantica.com/perfume/Zara/Norrland-47975.html				pending
nostalgia-blue	Nostalgia Blue		male	https://www.fragrantica.com/perfume/Zara/Nostalgia-Blue-87147.html				pending
nude-bouquet	Nude Bouquet		female	https://www.fragrantica.com/perfume/Zara/Nude-Bouquet-111999.html				pending
nude-bouquet-2016	Nude Bouquet 2016		female	https://www.fragrantica.com/perfume/Zara/Nude-Bouquet-2016-38024.html				pending
nude-bouquet-2017	Nude Bouquet 2017		female	https://www.fragrantica.com/perfume/Zara/Nude-Bouquet-2017-47396.html				pending
nude-bouquet-2023	Nude Bouquet 2023		female	https://www.fragrantica.com/perfume/Zara/Nude-Bouquet-2023-92192.html				pending
nude-bouquet-intense-2024	Nude Bouquet Intense 2024		female	https://www.fragrantica.com/perfume/Zara/Nude-Bouquet-Intense-2024-94342.html				pending
nude-cashmere	Nude Cashmere		female	https://www.fragrantica.com/perfume/Zara/Nude-Cashmere-63091.html				pending
nuit	Nuit		female	https://www.fragrantica.com/perfume/Zara/Nuit-17415.html				pending
n01-white-flower-posy	N°01 White Flower Posy		female	https://www.fragrantica.com/perfume/Zara/N001-White-Flower-Posy-67760.html				pending
n02-cerise-peonies	N°02 Cerise Peonies		female	https://www.fragrantica.com/perfume/Zara/N002-Cerise-Peonies-67761.html				pending
n03-waterfall-brume	N°03 Waterfall Brume		female	https://www.fragrantica.com/perfume/Zara/N003-Waterfall-Brume-67762.html				pending
ocean-azure	Ocean Azure		male	https://www.fragrantica.com/perfume/Zara/Ocean-Azure-93499.html				pending
ocean-blue	Ocean Blue		male	https://www.fragrantica.com/perfume/Zara/Ocean-Blue-93498.html				pending
ocean-electric	Ocean Electric		unisex	https://www.fragrantica.com/perfume/Zara/Ocean-Electric-93497.html				pending
olaf	Olaf		unisex	https://www.fragrantica.com/perfume/Zara/Olaf-65882.html				pending
orange-flower-bloom	Orange Flower Bloom		female	https://www.fragrantica.com/perfume/Zara/Orange-Flower-Bloom-75690.html				pending
orange-honey	Orange Honey		female	https://www.fragrantica.com/perfume/Zara/Orange-Honey-57065.html				pending
orange-honey-2021	Orange Honey 2021		female	https://www.fragrantica.com/perfume/Zara/Orange-Honey-2021-67800.html				pending
orchid-2019	Orchid 2019		female	https://www.fragrantica.com/perfume/Zara/Orchid-2019-53999.html				pending
orchid-bloom-01	Orchid Bloom 01		female	https://www.fragrantica.com/perfume/Zara/Orchid-Bloom-01-92332.html				pending
orchid-intense-2017	Orchid Intense 2017		female	https://www.fragrantica.com/perfume/Zara/Orchid-Intense-2017-48602.html				pending
orchid-intense-2018	Orchid Intense 2018		female	https://www.fragrantica.com/perfume/Zara/Orchid-Intense-2018-51224.html				pending
orchid-sunset	Orchid Sunset		female	https://www.fragrantica.com/perfume/Zara/Orchid-Sunset-60142.html				pending
oriental	Oriental		female	https://www.fragrantica.com/perfume/Zara/Oriental-16574.html				pending
oriental-delice	Oriental Delice		female	https://www.fragrantica.com/perfume/Zara/Oriental-Delice-46117.html				pending
oriental-gourmand	Oriental Gourmand		female	https://www.fragrantica.com/perfume/Zara/Oriental-Gourmand-46116.html				pending
oriental-intense	Oriental Intense		female	https://www.fragrantica.com/perfume/Zara/Oriental-Intense-57067.html				pending
oriental-summer	Oriental Summer		female	https://www.fragrantica.com/perfume/Zara/Oriental-Summer-60140.html				pending
oriental-summer-2021	Oriental Summer 2021		female	https://www.fragrantica.com/perfume/Zara/Oriental-Summer-2021-66911.html				pending
oro-di-roma	Oro di Roma		unisex	https://www.fragrantica.com/perfume/Zara/Oro-di-Roma-135158.html				pending
osmanthus-tale-of-feminity	Osmanthus - Tale Of Feminity		female	https://www.fragrantica.com/perfume/Zara/Osmanthus-Tale-Of-Feminity-51730.html				pending
oud-et-vanille-en-majeste-perfume-oil	Oud Et Vanille En Majeste Perfume Oil	Perfume Oil	female	https://www.fragrantica.com/perfume/Zara/Oud-Et-Vanille-En-Majeste-Perfume-Oil-78065.html				pending
pansy-orchid	Pansy Orchid		female	https://www.fragrantica.com/perfume/Zara/Pansy-Orchid-81560.html				pending
parc-floral	Parc Floral		unisex	https://www.fragrantica.com/perfume/Zara/Parc-Floral-63081.html				pending
parfait-dorchidee	Parfait d'Orchidee		female	https://www.fragrantica.com/perfume/Zara/Parfait-d-Orchidee-88302.html				pending
paris-no92-champs-elysees	Paris Nº92 Champs Elysees		female	https://www.fragrantica.com/perfume/Zara/Paris-No92-Champs-Elysees-17190.html				pending
passion-temptation	Passion Temptation		female	https://www.fragrantica.com/perfume/Zara/Passion-Temptation-102679.html				pending
peach-glow-eau-de-parfum	Peach Glow Eau de Parfum	Eau de Parfum	female	https://www.fragrantica.com/perfume/Zara/Peach-Glow-Eau-de-Parfum-81570.html				pending
peach-margarita	Peach Margarita		female	https://www.fragrantica.com/perfume/Zara/Peach-Margarita-49326.html				pending
peach-sorbet	Peach Sorbet		female	https://www.fragrantica.com/perfume/Zara/Peach-Sorbet-106560.html				pending
peony	Peony		female	https://www.fragrantica.com/perfume/Zara/Peony-73795.html				pending
perpetual-oud	Perpetual Oud		female	https://www.fragrantica.com/perfume/Zara/Perpetual-Oud-74201.html				pending
petal-lollipop	Petal Lollipop		female	https://www.fragrantica.com/perfume/Zara/Petal-Lollipop-74093.html				pending
petale-dambre	Petale d'Ambre		female	https://www.fragrantica.com/perfume/Zara/Petale-d-Ambre-88301.html				pending
petit-violet	Petit Violet		female	https://www.fragrantica.com/perfume/Zara/Petit-Violet-131035.html				pending
pineberry	Pineberry		female	https://www.fragrantica.com/perfume/Zara/Pineberry-49327.html				pending
pink-flambe-glitter	Pink Flambe Glitter		female	https://www.fragrantica.com/perfume/Zara/Pink-Flambe-Glitter-92201.html				pending
pink-flambe-summer	Pink Flambe Summer		female	https://www.fragrantica.com/perfume/Zara/Pink-Flambe-Summer-66909.html				pending
pink-flambe-winter	Pink Flambe Winter		female	https://www.fragrantica.com/perfume/Zara/Pink-Flambe-Winter-56284.html				pending
pink-flambe	Pink Flambé		female	https://www.fragrantica.com/perfume/Zara/Pink-Flambe-49324.html				pending
pipeline	Pipeline		male	https://www.fragrantica.com/perfume/Zara/Pipeline-48962.html				pending
pistachio-butter	Pistachio Butter		unisex	https://www.fragrantica.com/perfume/Zara/Pistachio-Butter-115054.html				pending
pistachio-infusion	Pistachio Infusion		female	https://www.fragrantica.com/perfume/Zara/Pistachio-Infusion-90146.html				pending
place-dauphine	Place Dauphine		unisex	https://www.fragrantica.com/perfume/Zara/Place-Dauphine-63082.html				pending
plage-privee	Plage Privee		female	https://www.fragrantica.com/perfume/Zara/Plage-Privee-127417.html				pending
platinum-sky	Platinum Sky		male	https://www.fragrantica.com/perfume/Zara/Platinum-Sky-101850.html				pending
pluto	Pluto		unisex	https://www.fragrantica.com/perfume/Zara/Pluto-64246.html				pending
pop-paradise	Pop Paradise		female	https://www.fragrantica.com/perfume/Zara/Pop-Paradise-88454.html				pending
popeline-blanche	Popeline Blanche		male	https://www.fragrantica.com/perfume/Zara/Popeline-Blanche-84492.html				pending
queen-plumrose	Queen Plumrose		female	https://www.fragrantica.com/perfume/Zara/Queen-Plumrose-81566.html				pending
r-rose	R Rose		female	https://www.fragrantica.com/perfume/Zara/R-Rose-63248.html				pending
radiant-bloom	Radiant Bloom		male	https://www.fragrantica.com/perfume/Zara/Radiant-Bloom-78052.html				pending
radiant-echo	Radiant Echo		male	https://www.fragrantica.com/perfume/Zara/Radiant-Echo-105086.html				pending
radiant-vanilla	Radiant Vanilla		female	https://www.fragrantica.com/perfume/Zara/Radiant-Vanilla-107919.html				pending
radiant-woods	Radiant Woods		female	https://www.fragrantica.com/perfume/Zara/Radiant-Woods-40857.html				pending
raw-vetiver	Raw Vetiver		male	https://www.fragrantica.com/perfume/Zara/Raw-Vetiver-56287.html				pending
red-eclipse	Red Eclipse		male	https://www.fragrantica.com/perfume/Zara/Red-Eclipse-101849.html				pending
red-mind	Red Mind		male	https://www.fragrantica.com/perfume/Zara/Red-Mind-57596.html				pending
red-temptation-bloom	Red Temptation Bloom		female	https://www.fragrantica.com/perfume/Zara/Red-Temptation-Bloom-92813.html				pending
red-temptation-elixir-parfum	Red Temptation Elixir Parfum	Parfum	unisex	https://www.fragrantica.com/perfume/Zara/Red-Temptation-Elixir-Parfum-83872.html				pending
red-temptation-floral	Red Temptation Floral		female	https://www.fragrantica.com/perfume/Zara/Red-Temptation-Floral-93096.html				pending
red-temptation-for-her	Red Temptation For Her		female	https://www.fragrantica.com/perfume/Zara/Red-Temptation-For-Her-63264.html				pending
red-temptation-for-him	Red Temptation For Him		male	https://www.fragrantica.com/perfume/Zara/Red-Temptation-For-Him-63273.html				pending
red-temptation-sandalwood	Red Temptation Sandalwood		unisex	https://www.fragrantica.com/perfume/Zara/Red-Temptation-Sandalwood-92812.html				pending
red-temptation-summer	Red Temptation Summer		female	https://www.fragrantica.com/perfume/Zara/Red-Temptation-Summer-79614.html				pending
red-temptation-sweet	Red Temptation Sweet		female	https://www.fragrantica.com/perfume/Zara/Red-Temptation-Sweet-93095.html				pending
red-temptation-tobacco	Red Temptation Tobacco		unisex	https://www.fragrantica.com/perfume/Zara/Red-Temptation-Tobacco-92811.html				pending
red-temptation-vanille	Red Temptation Vanille		female	https://www.fragrantica.com/perfume/Zara/Red-Temptation-Vanille-92810.html				pending
red-temptation-winter	Red Temptation Winter		female	https://www.fragrantica.com/perfume/Zara/Red-Temptation-Winter-76788.html				pending
red-temptation-winter-eau-de-parfum	Red Temptation Winter Eau de Parfum	Eau de Parfum	female	https://www.fragrantica.com/perfume/Zara/Red-Temptation-Winter-Eau-de-Parfum-84762.html				pending
red-vanilla	Red Vanilla		female	https://www.fragrantica.com/perfume/Zara/Red-Vanilla-35806.html				pending
reflecting-celebrations	Reflecting Celebrations		female	https://www.fragrantica.com/perfume/Zara/Reflecting-Celebrations-78057.html				pending
regal-white	Regal White		male	https://www.fragrantica.com/perfume/Zara/Regal-White-79046.html				pending
rhuigi	Rhuigi		male	https://www.fragrantica.com/perfume/Zara/Rhuigi-82701.html				pending
rich-leather	Rich Leather		male	https://www.fragrantica.com/perfume/Zara/Rich-Leather-43903.html				pending
rich-leather-2019	Rich Leather 2019		male	https://www.fragrantica.com/perfume/Zara/Rich-Leather-2019-55090.html				pending
rich-leather-no1555	Rich Leather Nº1555		male	https://www.fragrantica.com/perfume/Zara/Rich-Leather-No1555-74437.html				pending
rich-warm-addictive-frosted-woods	Rich Warm Addictive: Frosted Woods		unisex	https://www.fragrantica.com/perfume/Zara/Rich-Warm-Addictive-Frosted-Woods-124831.html				pending
rinse-wash	Rinse Wash		male	https://www.fragrantica.com/perfume/Zara/Rinse-Wash-65918.html				pending
romance-diris	Romance d'Iris		female	https://www.fragrantica.com/perfume/Zara/Romance-d-Iris-88299.html				pending
rosa-bulgara	Rosa Bulgara		female	https://www.fragrantica.com/perfume/Zara/Rosa-Bulgara-5417.html				pending
rose	Rose		female	https://www.fragrantica.com/perfume/Zara/Rose-16578.html				pending
rose-goudmand-nectar	Rose Goudmand Nectar		female	https://www.fragrantica.com/perfume/Zara/Rose-Goudmand-Nectar-101844.html				pending
rose-gourmand-for-her	Rose Gourmand For Her		female	https://www.fragrantica.com/perfume/Zara/Rose-Gourmand-For-Her-63268.html				pending
rose-gourmand-for-him	Rose Gourmand For Him		male	https://www.fragrantica.com/perfume/Zara/Rose-Gourmand-For-Him-63277.html				pending
rose-marshmallow-candy-eau-de-toilette	Rose Marshmallow Candy Eau de Toilette	Eau de Toilette	female	https://www.fragrantica.com/perfume/Zara/Rose-Marshmallow-Candy-Eau-de-Toilette-64200.html				pending
rose-sincere	Rose Sincère		female	https://www.fragrantica.com/perfume/Zara/Rose-Sincere-90454.html				pending
rose-temeraire	Rose Temeraire		female	https://www.fragrantica.com/perfume/Zara/Rose-Temeraire-90456.html				pending
rosy-mousseline	Rosy Mousseline		female	https://www.fragrantica.com/perfume/Zara/Rosy-Mousseline-63090.html				pending
rouge-crush	Rouge Crush		female	https://www.fragrantica.com/perfume/Zara/Rouge-Crush-102680.html				pending
rough-orange	Rough Orange		male	https://www.fragrantica.com/perfume/Zara/Rough-Orange-62364.html				pending
royal-freesia	Royal Freesia		female	https://www.fragrantica.com/perfume/Zara/Royal-Freesia-81565.html				pending
royal-softness	Royal Softness		female	https://www.fragrantica.com/perfume/Zara/Royal-Softness-64237.html				pending
royale-tubereuse-perfume-oil	Royale Tubereuse Perfume Oil	Perfume Oil	female	https://www.fragrantica.com/perfume/Zara/Royale-Tubereuse-Perfume-Oil-78061.html				pending
ruby-berries	Ruby Berries		female	https://www.fragrantica.com/perfume/Zara/Ruby-Berries-57070.html				pending
ruby-berries-2021	Ruby Berries 2021		female	https://www.fragrantica.com/perfume/Zara/Ruby-Berries-2021-69812.html				pending
ruby-horizon	Ruby Horizon		male	https://www.fragrantica.com/perfume/Zara/Ruby-Horizon-92834.html				pending
ruby-infusion	Ruby Infusion		female	https://www.fragrantica.com/perfume/Zara/Ruby-Infusion-90145.html				pending
ruby-syrup	Ruby Syrup		female	https://www.fragrantica.com/perfume/Zara/Ruby-Syrup-57066.html				pending
ruby-syrup-2021	Ruby Syrup 2021		female	https://www.fragrantica.com/perfume/Zara/Ruby-Syrup-2021-67801.html				pending
s4nd4lw00d	S4ND4LW00D		male	https://www.fragrantica.com/perfume/Zara/S4ND4LW00D-59370.html				pending
sacred-green-forest	Sacred Green Forest		unisex	https://www.fragrantica.com/perfume/Zara/Sacred-Green-Forest-76752.html				pending
saffron-and-orange-flowers	Saffron & Orange Flowers		female	https://www.fragrantica.com/perfume/Zara/Saffron-Orange-Flowers-75206.html				pending
salty-ocean-bouquet	Salty Ocean Bouquet		female	https://www.fragrantica.com/perfume/Zara/Salty-Ocean-Bouquet-75204.html				pending
sand-desert-at-sunset	Sand Desert At Sunset		male	https://www.fragrantica.com/perfume/Zara/Sand-Desert-At-Sunset-79100.html				pending
sand-desert-at-sunset-intense	Sand Desert At Sunset Intense		male	https://www.fragrantica.com/perfume/Zara/Sand-Desert-At-Sunset-Intense-99814.html				pending
sandalo	Sandalo		male	https://www.fragrantica.com/perfume/Zara/Sandalo-5421.html				pending
santal-glow-eau-de-toilette	Santal Glow Eau de Toilette	Eau de Toilette	female	https://www.fragrantica.com/perfume/Zara/Santal-Glow-Eau-de-Toilette-61992.html				pending
sassy-cranberry	Sassy Cranberry		female	https://www.fragrantica.com/perfume/Zara/Sassy-Cranberry-122926.html				pending
saturday-till-6-00-am	Saturday till 6-00 AM		male	https://www.fragrantica.com/perfume/Zara/Saturday-till-6-00-AM-80542.html				pending
scarlet-peony	Scarlet Peony		female	https://www.fragrantica.com/perfume/Zara/Scarlet-Peony-53280.html				pending
scent-1	Scent #1		male	https://www.fragrantica.com/perfume/Zara/Scent-1-51225.html				pending
scent-2	Scent #2		male	https://www.fragrantica.com/perfume/Zara/Scent-2-51226.html				pending
scent-3	Scent #3		male	https://www.fragrantica.com/perfume/Zara/Scent-3-51227.html				pending
scent-4	Scent #4		male	https://www.fragrantica.com/perfume/Zara/Scent-4-51228.html				pending
secret-hideaway	Secret Hideaway		female	https://www.fragrantica.com/perfume/Zara/Secret-Hideaway-127416.html				pending
secret-infusion	Secret Infusion		female	https://www.fragrantica.com/perfume/Zara/Secret-Infusion-90141.html				pending
seductive-trail	Seductive Trail		female	https://www.fragrantica.com/perfume/Zara/Seductive-Trail-125711.html				pending
sel-de-pamplemousse	Sel de Pamplemousse		female	https://www.fragrantica.com/perfume/Zara/Sel-de-Pamplemousse-64238.html				pending
sensual-oud	Sensual Oud		female	https://www.fragrantica.com/perfume/Zara/Sensual-Oud-90026.html				pending
sensual-vanilla	Sensual Vanilla		female	https://www.fragrantica.com/perfume/Zara/Sensual-Vanilla-90139.html				pending
senteur-du-matin	Senteur du Matin		female	https://www.fragrantica.com/perfume/Zara/Senteur-du-Matin-38017.html				pending
seoul-532-8-sinsa-dong-gangnam-gu	Seoul 532-8 Sinsa Dong Gangnam - Gu		male	https://www.fragrantica.com/perfume/Zara/Seoul-532-8-Sinsa-Dong-Gangnam-Gu-72332.html				pending
seoul-532-8-sinsa-dong-gangnam-gu-winter	Seoul 532-8 Sinsa Dong Gangnam-Gu Winter		male	https://www.fragrantica.com/perfume/Zara/Seoul-532-8-Sinsa-Dong-Gangnam-Gu-Winter-56292.html				pending
seoul-absolute	Seoul Absolute		unisex	https://www.fragrantica.com/perfume/Zara/Seoul-Absolute-96534.html				pending
serrano-23-madrid	Serrano 23 Madrid		female	https://www.fragrantica.com/perfume/Zara/Serrano-23-Madrid-36724.html				pending
shades-of-bliss	Shades Of Bliss		female	https://www.fragrantica.com/perfume/Zara/Shades-Of-Bliss-98426.html				pending
shades-of-joy	Shades of Joy		female	https://www.fragrantica.com/perfume/Zara/Shades-of-Joy-98428.html				pending
shades-of-lust	Shades Of Lust		female	https://www.fragrantica.com/perfume/Zara/Shades-Of-Lust-98427.html				pending
shades-of-nirvana	Shades Of Nirvana		female	https://www.fragrantica.com/perfume/Zara/Shades-Of-Nirvana-98425.html				pending
shades-of-nostalgia	Shades Of Nostalgia		female	https://www.fragrantica.com/perfume/Zara/Shades-Of-Nostalgia-98429.html				pending
share-reality	Share Reality		male	https://www.fragrantica.com/perfume/Zara/Share-Reality-55094.html				pending
shiny-peonies	Shiny Peonies		female	https://www.fragrantica.com/perfume/Zara/Shiny-Peonies-77029.html				pending
silk	Silk		female	https://www.fragrantica.com/perfume/Zara/Silk-17191.html				pending
silver	Silver		male	https://www.fragrantica.com/perfume/Zara/Silver-72325.html				pending
silver-65901	Silver		male	https://www.fragrantica.com/perfume/Zara/Silver-65901.html				pending
silver-winter-zara-man	Silver Winter Zara Man		male	https://www.fragrantica.com/perfume/Zara/Silver-Winter-Zara-Man-78051.html				pending
soft-haze	Soft Haze		male	https://www.fragrantica.com/perfume/Zara/Soft-Haze-52443.html				pending
soir	Soir		female	https://www.fragrantica.com/perfume/Zara/Soir-17417.html				pending
solar-edition	Solar Edition		male	https://www.fragrantica.com/perfume/Zara/Solar-Edition-106420.html				pending
solar-mango	Solar Mango		female	https://www.fragrantica.com/perfume/Zara/Solar-Mango-109092.html				pending
solar-s	Solar S		female	https://www.fragrantica.com/perfume/Zara/Solar-S-49770.html				pending
solar-sa	Solar Sa		female	https://www.fragrantica.com/perfume/Zara/Solar-Sa-49769.html				pending
solar-sd	Solar Sd		female	https://www.fragrantica.com/perfume/Zara/Solar-Sd-49767.html				pending
solar-sh	Solar Sh		female	https://www.fragrantica.com/perfume/Zara/Solar-Sh-49768.html				pending
someday-sometimes-into-the-joyful	Someday Sometimes (Into The Joyful)		female	https://www.fragrantica.com/perfume/Zara/Someday-Sometimes-Into-The-Joyful-84456.html				pending
spell-caramel	Spell Caramel		male	https://www.fragrantica.com/perfume/Zara/Spell-Caramel-84077.html				pending
spirited-romance-into-the-floral	Spirited Romance (Into The Floral)		female	https://www.fragrantica.com/perfume/Zara/Spirited-Romance-Into-The-Floral-84458.html				pending
splendid-bronze	Splendid Bronze		female	https://www.fragrantica.com/perfume/Zara/Splendid-Bronze-89150.html				pending
splendid-bronze-into-the-gourmand	Splendid Bronze (Into The Gourmand)		female	https://www.fragrantica.com/perfume/Zara/Splendid-Bronze-Into-The-Gourmand-84460.html				pending
sport-12-0	Sport 12.0		male	https://www.fragrantica.com/perfume/Zara/Sport-12-0-64265.html				pending
sport-14-0	Sport 14.0		male	https://www.fragrantica.com/perfume/Zara/Sport-14-0-64266.html				pending
sport-5-0	Sport 5.0		male	https://www.fragrantica.com/perfume/Zara/Sport-5-0-64261.html				pending
sport-6-0	Sport 6.0		male	https://www.fragrantica.com/perfume/Zara/Sport-6-0-64262.html				pending
sport-8-0	Sport 8.0		male	https://www.fragrantica.com/perfume/Zara/Sport-8-0-64263.html				pending
sport-9-0	Sport 9.0		male	https://www.fragrantica.com/perfume/Zara/Sport-9-0-64264.html				pending
srpls-frgrnc-01	SRPLS FRGRNC 01		unisex	https://www.fragrantica.com/perfume/Zara/SRPLS-FRGRNC-01-53285.html				pending
star-wars	Star Wars		male	https://www.fragrantica.com/perfume/Zara/Star-Wars-39173.html				pending
star-wars-boys	Star Wars Boys		male	https://www.fragrantica.com/perfume/Zara/Star-Wars-Boys-39172.html				pending
star-wars-girls	Star Wars Girls		female	https://www.fragrantica.com/perfume/Zara/Star-Wars-Girls-39165.html				pending
star-wars-the-mandalorian	Star Wars The Mandalorian		male	https://www.fragrantica.com/perfume/Zara/Star-Wars-The-Mandalorian-84577.html				pending
starlight-vanilla	Starlight Vanilla		unisex	https://www.fragrantica.com/perfume/Zara/Starlight-Vanilla-85040.html				pending
steel-grey	Steel Grey		male	https://www.fragrantica.com/perfume/Zara/Steel-Grey-62362.html				pending
stellar-amber	Stellar Amber		female	https://www.fragrantica.com/perfume/Zara/Stellar-Amber-95905.html				pending
stormy-day	Stormy Day		male	https://www.fragrantica.com/perfume/Zara/Stormy-Day-66532.html				pending
strolling-over-heaven	Strolling Over Heaven		male	https://www.fragrantica.com/perfume/Zara/Strolling-Over-Heaven-52449.html				pending
stunning-light	Stunning Light		female	https://www.fragrantica.com/perfume/Zara/Stunning-Light-42457.html				pending
stunningly-venice	Stunningly Venice		unisex	https://www.fragrantica.com/perfume/Zara/Stunningly-Venice-70523.html				pending
sublime-cedar	Sublime Cedar		male	https://www.fragrantica.com/perfume/Zara/Sublime-Cedar-56289.html				pending
sublime-epoque	Sublime Epoque		female	https://www.fragrantica.com/perfume/Zara/Sublime-Epoque-69405.html				pending
succulent-flower	Succulent Flower		female	https://www.fragrantica.com/perfume/Zara/Succulent-Flower-109098.html				pending
sugar-foam	Sugar Foam		female	https://www.fragrantica.com/perfume/Zara/Sugar-Foam-118101.html				pending
sultry-pear-eau-de-parfum	Sultry Pear Eau de Parfum	Eau de Parfum	female	https://www.fragrantica.com/perfume/Zara/Sultry-Pear-Eau-de-Parfum-81571.html				pending
summer-12-0	Summer 12.0		male	https://www.fragrantica.com/perfume/Zara/Summer-12-0-65926.html				pending
summer-14-0	Summer 14.0		male	https://www.fragrantica.com/perfume/Zara/Summer-14-0-65927.html				pending
summer-5-0	Summer 5.0		male	https://www.fragrantica.com/perfume/Zara/Summer-5-0-65922.html				pending
summer-6-0	Summer 6.0		male	https://www.fragrantica.com/perfume/Zara/Summer-6-0-65923.html				pending
summer-8-0	Summer 8.0		male	https://www.fragrantica.com/perfume/Zara/Summer-8-0-65924.html				pending
summer-9-0	Summer 9.0		male	https://www.fragrantica.com/perfume/Zara/Summer-9-0-65925.html				pending
summer-collection-zara	Summer Collection Zara		male	https://www.fragrantica.com/perfume/Zara/Summer-Collection-Zara-44747.html				pending
summer-edition	Summer Edition		female	https://www.fragrantica.com/perfume/Zara/Summer-Edition-40824.html				pending
sunkissed-banana	Sunkissed Banana		unisex	https://www.fragrantica.com/perfume/Zara/Sunkissed-Banana-115053.html				pending
sunlight-bouquet	Sunlight Bouquet		female	https://www.fragrantica.com/perfume/Zara/Sunlight-Bouquet-92837.html				pending
sunrise-on-the-red-sand-dunes	Sunrise On The Red Sand Dunes		male	https://www.fragrantica.com/perfume/Zara/Sunrise-On-The-Red-Sand-Dunes-79102.html				pending
sunrise-on-the-red-sand-dunes-intense	Sunrise on the Red Sand Dunes Intense		male	https://www.fragrantica.com/perfume/Zara/Sunrise-on-the-Red-Sand-Dunes-Intense-99815.html				pending
sunrise-rose	Sunrise Rose		female	https://www.fragrantica.com/perfume/Zara/Sunrise-Rose-40856.html				pending
supreme-vanilla	Supreme Vanilla		unisex	https://www.fragrantica.com/perfume/Zara/Supreme-Vanilla-85039.html				pending
surfing-cape-saint-francis	Surfing Cape Saint Francis		male	https://www.fragrantica.com/perfume/Zara/Surfing-Cape-Saint-Francis-80490.html				pending
surfing-feelings	Surfing Feelings		female	https://www.fragrantica.com/perfume/Zara/Surfing-Feelings-66920.html				pending
surfing-mullaghmore-head	Surfing Mullaghmore Head		male	https://www.fragrantica.com/perfume/Zara/Surfing-Mullaghmore-Head-80487.html				pending
surfing-puerto-escondido	Surfing Puerto Escondido		male	https://www.fragrantica.com/perfume/Zara/Surfing-Puerto-Escondido-80489.html				pending
surfing-shipstern-bluff	Surfing Shipstern Bluff		male	https://www.fragrantica.com/perfume/Zara/Surfing-Shipstern-Bluff-80488.html				pending
surrounding-thread	Surrounding Thread		female	https://www.fragrantica.com/perfume/Zara/Surrounding-Thread-54395.html				pending
sweet	Sweet		female	https://www.fragrantica.com/perfume/Zara/Sweet-16570.html				pending
sweet-daiquiri	Sweet Daiquiri		female	https://www.fragrantica.com/perfume/Zara/Sweet-Daiquiri-49765.html				pending
sweet-illusion-into-the-gourmand	Sweet Illusion (Into The Gourmand)		female	https://www.fragrantica.com/perfume/Zara/Sweet-Illusion-Into-The-Gourmand-88202.html				pending
sweet-matcha-day	Sweet Matcha Day		female	https://www.fragrantica.com/perfume/Zara/Sweet-Matcha-Day-125489.html				pending
talent-inside	Talent Inside		female	https://www.fragrantica.com/perfume/Zara/Talent-Inside-51741.html				pending
teahupoo	Teahupoo		male	https://www.fragrantica.com/perfume/Zara/Teahupoo-48960.html				pending
teawood	Teawood		female	https://www.fragrantica.com/perfume/Zara/Teawood-45386.html				pending
tempting-rose	Tempting Rose		female	https://www.fragrantica.com/perfume/Zara/Tempting-Rose-52492.html				pending
tender-amber	Tender Amber		male	https://www.fragrantica.com/perfume/Zara/Tender-Amber-84076.html				pending
tender-amber-intense	Tender Amber Intense		male	https://www.fragrantica.com/perfume/Zara/Tender-Amber-Intense-104175.html				pending
tender-magnolia	Tender Magnolia		female	https://www.fragrantica.com/perfume/Zara/Tender-Magnolia-94344.html				pending
terra-profonda-black-fig-and-basil	Terra Profonda Black Fig & Basil		unisex	https://www.fragrantica.com/perfume/Zara/Terra-Profonda-Black-Fig-Basil-138471.html				pending
textures-cotton-kisses	Textures Cotton Kisses		female	https://www.fragrantica.com/perfume/Zara/Textures-Cotton-Kisses-12165.html				pending
textures-cotton-orange-shantung	Textures Cotton Orange Shantung		female	https://www.fragrantica.com/perfume/Zara/Textures-Cotton-Orange-Shantung-12166.html				pending
textures-green	Textures Green		female	https://www.fragrantica.com/perfume/Zara/Textures-Green-12160.html				pending
textures-iris	Textures Iris		female	https://www.fragrantica.com/perfume/Zara/Textures-Iris-16576.html				pending
textures-lilac	Textures Lilac		female	https://www.fragrantica.com/perfume/Zara/Textures-Lilac-12161.html				pending
textures-pashmina-dreams	Textures Pashmina Dreams		female	https://www.fragrantica.com/perfume/Zara/Textures-Pashmina-Dreams-12162.html				pending
textures-pink	Textures Pink		female	https://www.fragrantica.com/perfume/Zara/Textures-Pink-12159.html				pending
textures-polar-winds	Textures Polar Winds		female	https://www.fragrantica.com/perfume/Zara/Textures-Polar-Winds-12164.html				pending
textures-velvet-chic	Textures Velvet Chic		female	https://www.fragrantica.com/perfume/Zara/Textures-Velvet-Chic-12163.html				pending
textures-water-lily	Textures Water Lily		female	https://www.fragrantica.com/perfume/Zara/Textures-Water-Lily-16577.html				pending
the-denim-jacket	The Denim Jacket		male	https://www.fragrantica.com/perfume/Zara/The-Denim-Jacket-59371.html				pending
the-drummer	The Drummer		unisex	https://www.fragrantica.com/perfume/Zara/The-Drummer-41741.html				pending
the-golden-lullaby	The Golden Lullaby		unisex	https://www.fragrantica.com/perfume/Zara/The-Golden-Lullaby-64202.html				pending
the-guitarist	The Guitarist		unisex	https://www.fragrantica.com/perfume/Zara/The-Guitarist-41740.html				pending
the-perfect-smoking	The Perfect Smoking		male	https://www.fragrantica.com/perfume/Zara/The-Perfect-Smoking-59373.html				pending
the-poplin-shirt	The Poplin Shirt		male	https://www.fragrantica.com/perfume/Zara/The-Poplin-Shirt-62366.html				pending
the-weekend-hoodie	The Weekend Hoodie		male	https://www.fragrantica.com/perfume/Zara/The-Weekend-Hoodie-59372.html				pending
thunder-feel	Thunder Feel		male	https://www.fragrantica.com/perfume/Zara/Thunder-Feel-53292.html				pending
thursday-no-valentines-but-flowers	Thursday - No Valentines But Flowers		unisex	https://www.fragrantica.com/perfume/Zara/Thursday-No-Valentines-But-Flowers-83876.html				pending
tiare-nights	Tiare Nights		female	https://www.fragrantica.com/perfume/Zara/Tiare-Nights-127418.html				pending
tie-or-dye	Tie Or Dye		male	https://www.fragrantica.com/perfume/Zara/Tie-Or-Dye-65919.html				pending
till-sunrise	Till Sunrise		male	https://www.fragrantica.com/perfume/Zara/Till-Sunrise-65916.html				pending
tiveden	Tiveden		male	https://www.fragrantica.com/perfume/Zara/Tiveden-47980.html				pending
tob-01-tabac-and-jazz	TOB/01 Tabac & Jazz		male	https://www.fragrantica.com/perfume/Zara/TOB-01-Tabac-Jazz-87737.html				pending
tob-02-tobacco-tango	TOB/02 Tobacco Tango		male	https://www.fragrantica.com/perfume/Zara/TOB-02-Tobacco-Tango-87738.html				pending
tob-03-tabac-treasure	TOB/03 Tabac-Treasure		male	https://www.fragrantica.com/perfume/Zara/TOB-03-Tabac-Treasure-87739.html				pending
tobacco-collection-intense-dark-exclusive	Tobacco Collection Intense Dark Exclusive		male	https://www.fragrantica.com/perfume/Zara/Tobacco-Collection-Intense-Dark-Exclusive-40450.html				pending
tobacco-collection-intense-dark-exclusive-2018	Tobacco Collection Intense Dark Exclusive 2018		male	https://www.fragrantica.com/perfume/Zara/Tobacco-Collection-Intense-Dark-Exclusive-2018-52184.html				pending
tobacco-collection-intense-dark-exclusive-2021	Tobacco Collection Intense Dark Exclusive 2021		male	https://www.fragrantica.com/perfume/Zara/Tobacco-Collection-Intense-Dark-Exclusive-2021-69135.html				pending
tobacco-collection-rich-warm-addictive	Tobacco Collection Rich Warm Addictive		male	https://www.fragrantica.com/perfume/Zara/Tobacco-Collection-Rich-Warm-Addictive-40449.html				pending
tobacco-collection-rich-warm-addictive-2018	Tobacco Collection Rich Warm Addictive 2018		male	https://www.fragrantica.com/perfume/Zara/Tobacco-Collection-Rich-Warm-Addictive-2018-52183.html				pending
tobacco-collection-rich-warm-addictive-2021	Tobacco Collection Rich Warm Addictive 2021		male	https://www.fragrantica.com/perfume/Zara/Tobacco-Collection-Rich-Warm-Addictive-2021-69134.html				pending
tobacco-collection-unexpected-fresh-spicy	Tobacco Collection Unexpected Fresh Spicy		male	https://www.fragrantica.com/perfume/Zara/Tobacco-Collection-Unexpected-Fresh-Spicy-57764.html				pending
tobacco-sublime	Tobacco Sublime		male	https://www.fragrantica.com/perfume/Zara/Tobacco-Sublime-84078.html				pending
tokyo-takeshita-harajuku	Tokyo Takeshita Harajuku		male	https://www.fragrantica.com/perfume/Zara/Tokyo-Takeshita-Harajuku-65891.html				pending
tone-indeterminee	Tone Indeterminee		male	https://www.fragrantica.com/perfume/Zara/Tone-Indeterminee-40860.html				pending
tonic-impact	Tonic Impact		male	https://www.fragrantica.com/perfume/Zara/Tonic-Impact-78054.html				pending
tonka-cream	Tonka Cream		unisex	https://www.fragrantica.com/perfume/Zara/Tonka-Cream-116342.html				pending
tonka-mystique	Tonka Mystique		unisex	https://www.fragrantica.com/perfume/Zara/Tonka-Mystique-116164.html				pending
tonka-obsession	Tonka Obsession		unisex	https://www.fragrantica.com/perfume/Zara/Tonka-Obsession-116341.html				pending
tonka-temptation	Tonka Temptation		male	https://www.fragrantica.com/perfume/Zara/Tonka-Temptation-132725.html				pending
tropical-boost	Tropical Boost		female	https://www.fragrantica.com/perfume/Zara/Tropical-Boost-72493.html				pending
tropical-emerald	Tropical Emerald		male	https://www.fragrantica.com/perfume/Zara/Tropical-Emerald-92830.html				pending
true-amore-into-the-floral	True Amore (Into The Floral)		female	https://www.fragrantica.com/perfume/Zara/True-Amore-Into-The-Floral-84455.html				pending
true-fact	True Fact		male	https://www.fragrantica.com/perfume/Zara/True-Fact-55095.html				pending
true-leather-for-her	True Leather For Her		female	https://www.fragrantica.com/perfume/Zara/True-Leather-For-Her-63269.html				pending
true-leather-for-him	True Leather For Him		male	https://www.fragrantica.com/perfume/Zara/True-Leather-For-Him-63274.html				pending
tubereuse-noir	Tubereuse Noir		unisex	https://www.fragrantica.com/perfume/Zara/Tubereuse-Noir-58159.html				pending
tuberose	Tuberose		female	https://www.fragrantica.com/perfume/Zara/Tuberose-48597.html				pending
tuberose-aqua	Tuberose Aqua		female	https://www.fragrantica.com/perfume/Zara/Tuberose-Aqua-48599.html				pending
tuberose-glitter	Tuberose Glitter		female	https://www.fragrantica.com/perfume/Zara/Tuberose-Glitter-92200.html				pending
tuberose-summer	Tuberose Summer		female	https://www.fragrantica.com/perfume/Zara/Tuberose-Summer-53276.html				pending
tuberose-winter	Tuberose Winter		female	https://www.fragrantica.com/perfume/Zara/Tuberose-Winter-56283.html				pending
tuesday-totally-terrific	Tuesday - Totally Terrific		unisex	https://www.fragrantica.com/perfume/Zara/Tuesday-Totally-Terrific-83874.html				pending
tulle	Tulle		female	https://www.fragrantica.com/perfume/Zara/Tulle-34598.html				pending
tweety	Tweety		unisex	https://www.fragrantica.com/perfume/Zara/Tweety-64248.html				pending
twilight-mauve	Twilight Mauve		female	https://www.fragrantica.com/perfume/Zara/Twilight-Mauve-36909.html				pending
twilight-mauve-aqua	Twilight Mauve Aqua		female	https://www.fragrantica.com/perfume/Zara/Twilight-Mauve-Aqua-48600.html				pending
twilight-mauve-summer	Twilight Mauve Summer		female	https://www.fragrantica.com/perfume/Zara/Twilight-Mauve-Summer-53279.html				pending
twilight-mauve-winter	Twilight Mauve Winter		female	https://www.fragrantica.com/perfume/Zara/Twilight-Mauve-Winter-56282.html				pending
ubbe-latte	Ubbe Latte		female	https://www.fragrantica.com/perfume/Zara/Ubbe-Latte-135638.html				pending
ultra-juicy	Ultra Juicy		female	https://www.fragrantica.com/perfume/Zara/Ultra-Juicy-42456.html				pending
ultra-juicy-2019	Ultra Juicy 2019		female	https://www.fragrantica.com/perfume/Zara/Ultra-Juicy-2019-53994.html				pending
unbreakable	Unbreakable		male	https://www.fragrantica.com/perfume/Zara/Unbreakable-51219.html				pending
unexpected-joy	Unexpected Joy		female	https://www.fragrantica.com/perfume/Zara/Unexpected-Joy-78056.html				pending
unexplored-noir	Unexplored Noir		male	https://www.fragrantica.com/perfume/Zara/Unexplored-Noir-87149.html				pending
unique-leather	Unique Leather		male	https://www.fragrantica.com/perfume/Zara/Unique-Leather-43902.html				pending
universal-oud	Universal Oud		unisex	https://www.fragrantica.com/perfume/Zara/Universal-Oud-69130.html				pending
unshakable	Unshakable		male	https://www.fragrantica.com/perfume/Zara/Unshakable-51218.html				pending
unusual-flower	Unusual Flower		female	https://www.fragrantica.com/perfume/Zara/Unusual-Flower-75686.html				pending
unusual-fruit	Unusual Fruit		female	https://www.fragrantica.com/perfume/Zara/Unusual-Fruit-75685.html				pending
unusual-gourmand	Unusual Gourmand		female	https://www.fragrantica.com/perfume/Zara/Unusual-Gourmand-75688.html				pending
unusual-gourmand-eau-de-parfum	Unusual Gourmand Eau de Parfum	Eau de Parfum	female	https://www.fragrantica.com/perfume/Zara/Unusual-Gourmand-Eau-de-Parfum-114345.html				pending
unusual-wood	Unusual Wood		female	https://www.fragrantica.com/perfume/Zara/Unusual-Wood-75687.html				pending
uomo	Uomo		male	https://www.fragrantica.com/perfume/Zara/Uomo-72328.html				pending
uomo-65905	Uomo		male	https://www.fragrantica.com/perfume/Zara/Uomo-65905.html				pending
vancouver-hornby-street-down	Vancouver Hornby Street Down		male	https://www.fragrantica.com/perfume/Zara/Vancouver-Hornby-Street-Down-65893.html				pending
vanilla-french-elegance	Vanilla - French Elegance		unisex	https://www.fragrantica.com/perfume/Zara/Vanilla-French-Elegance-51732.html				pending
vanilla-02-collection-cold-caramel	Vanilla 02 Collection Cold Caramel		unisex	https://www.fragrantica.com/perfume/Zara/Vanilla-02-Collection-Cold-Caramel-124833.html				pending
vanilla-02-collection-infinite-parfum	Vanilla 02 Collection Infinite Parfum	Parfum	unisex	https://www.fragrantica.com/perfume/Zara/Vanilla-02-Collection-Infinite-Parfum-124834.html				pending
vanilla-collection-01-irresistible-magnetic-delicious	Vanilla Collection 01: Irresistible, Magnetic, Delicious		male	https://www.fragrantica.com/perfume/Zara/Vanilla-Collection-01-Irresistible-Magnetic-Delicious-101852.html				pending
vanilla-collection-02-unique-hypnotic-seductive	Vanilla Collection 02: Unique, Hypnotic, Seductive		male	https://www.fragrantica.com/perfume/Zara/Vanilla-Collection-02-Unique-Hypnotic-Seductive-101853.html				pending
vanilla-for-a-sunday-ice-cream	Vanilla For a Sunday Ice Cream		female	https://www.fragrantica.com/perfume/Zara/Vanilla-For-a-Sunday-Ice-Cream-36312.html				pending
vanilla-melt	Vanilla Melt		female	https://www.fragrantica.com/perfume/Zara/Vanilla-Melt-115057.html				pending
vanilla-vibration	Vanilla Vibration		unisex	https://www.fragrantica.com/perfume/Zara/Vanilla-Vibration-85041.html				pending
vanilla-violet-orchid	Vanilla Violet Orchid		female	https://www.fragrantica.com/perfume/Zara/Vanilla-Violet-Orchid-81563.html				pending
vanille-and-cerise	Vanille & Cerise		female	https://www.fragrantica.com/perfume/Zara/Vanille-Cerise-67752.html				pending
vapeur-blanche	Vapeur Blanche		male	https://www.fragrantica.com/perfume/Zara/Vapeur-Blanche-84493.html				pending
velvet-shadow-into-the-gourmand	Velvet Shadow (Into The Gourmand)		female	https://www.fragrantica.com/perfume/Zara/Velvet-Shadow-Into-The-Gourmand-84457.html				pending
vento-di-vetiver	Vento di Vetiver		male	https://www.fragrantica.com/perfume/Zara/Vento-di-Vetiver-135606.html				pending
vetiver	Vetiver		male	https://www.fragrantica.com/perfume/Zara/Vetiver-5422.html				pending
vetiver-unexpected	Vetiver - Unexpected		unisex	https://www.fragrantica.com/perfume/Zara/Vetiver-Unexpected-51731.html				pending
vetiver-pamplemousse	Vetiver Pamplemousse		unisex	https://www.fragrantica.com/perfume/Zara/Vetiver-Pamplemousse-58155.html				pending
vetiver-pamplemousse-elixir	Vetiver Pamplemousse Elixir		unisex	https://www.fragrantica.com/perfume/Zara/Vetiver-Pamplemousse-Elixir-102028.html				pending
vibrancy-adventures	Vibrancy Adventures		female	https://www.fragrantica.com/perfume/Zara/Vibrancy-Adventures-78059.html				pending
vibrant-brown	Vibrant Brown		male	https://www.fragrantica.com/perfume/Zara/Vibrant-Brown-62363.html				pending
vibrant-caramel	Vibrant Caramel		female	https://www.fragrantica.com/perfume/Zara/Vibrant-Caramel-92191.html				pending
vibrant-caramel-candy	Vibrant Caramel Candy		female	https://www.fragrantica.com/perfume/Zara/Vibrant-Caramel-Candy-105242.html				pending
vibrant-leather	Vibrant Leather		male	https://www.fragrantica.com/perfume/Zara/Vibrant-Leather-41963.html				pending
vibrant-leather-and-sandalwood-elixir	Vibrant Leather & Sandalwood Elixir		male	https://www.fragrantica.com/perfume/Zara/Vibrant-Leather-Sandalwood-Elixir-91436.html				pending
vibrant-leather-and-tobacco-elixir	Vibrant Leather & Tobacco Elixir		male	https://www.fragrantica.com/perfume/Zara/Vibrant-Leather-Tobacco-Elixir-91437.html				pending
vibrant-leather-and-violet-elixir	Vibrant Leather & Violet Elixir		male	https://www.fragrantica.com/perfume/Zara/Vibrant-Leather-Violet-Elixir-91438.html				pending
vibrant-leather-bogoss	Vibrant Leather Bogoss		male	https://www.fragrantica.com/perfume/Zara/Vibrant-Leather-Bogoss-66891.html				pending
vibrant-leather-bogoss-coco-suede	Vibrant Leather Bogoss Coco Suede		male	https://www.fragrantica.com/perfume/Zara/Vibrant-Leather-Bogoss-Coco-Suede-126294.html				pending
vibrant-leather-bogoss-elixir	Vibrant Leather Bogoss Elixir		male	https://www.fragrantica.com/perfume/Zara/Vibrant-Leather-Bogoss-Elixir-113903.html				pending
vibrant-leather-bogoss-summer	Vibrant Leather Bogoss Summer		male	https://www.fragrantica.com/perfume/Zara/Vibrant-Leather-Bogoss-Summer-92831.html				pending
vibrant-leather-bogoss-winter	Vibrant Leather Bogoss Winter		male	https://www.fragrantica.com/perfume/Zara/Vibrant-Leather-Bogoss-Winter-101916.html				pending
vibrant-leather-boise	Vibrant Leather Boise		male	https://www.fragrantica.com/perfume/Zara/Vibrant-Leather-Boise-66890.html				pending
vibrant-leather-cologne	Vibrant Leather Cologne	Cologne	male	https://www.fragrantica.com/perfume/Zara/Vibrant-Leather-Cologne-55086.html				pending
vibrant-leather-eau-de-parfum	Vibrant Leather Eau de Parfum	Eau de Parfum	male	https://www.fragrantica.com/perfume/Zara/Vibrant-Leather-Eau-de-Parfum-50122.html				pending
vibrant-leather-eclat-de-bergamote	Vibrant Leather Eclat de Bergamote		male	https://www.fragrantica.com/perfume/Zara/Vibrant-Leather-Eclat-de-Bergamote-66893.html				pending
vibrant-leather-elixir	Vibrant Leather Elixir		male	https://www.fragrantica.com/perfume/Zara/Vibrant-Leather-Elixir-106422.html				pending
vibrant-leather-encens	Vibrant Leather Encens		male	https://www.fragrantica.com/perfume/Zara/Vibrant-Leather-Encens-72724.html				pending
vibrant-leather-epice	Vibrant Leather Epice		male	https://www.fragrantica.com/perfume/Zara/Vibrant-Leather-Epice-66892.html				pending
vibrant-leather-explosion	Vibrant Leather Explosion		male	https://www.fragrantica.com/perfume/Zara/Vibrant-Leather-Explosion-92814.html				pending
vibrant-leather-extreme	Vibrant Leather Extreme		male	https://www.fragrantica.com/perfume/Zara/Vibrant-Leather-Extreme-102936.html				pending
vibrant-leather-for-her	Vibrant Leather for Her		female	https://www.fragrantica.com/perfume/Zara/Vibrant-Leather-for-Her-47918.html				pending
vibrant-leather-for-her-2018	Vibrant Leather for Her 2018		female	https://www.fragrantica.com/perfume/Zara/Vibrant-Leather-for-Her-2018-49766.html				pending
vibrant-leather-for-her-2020	Vibrant Leather For Her 2020		female	https://www.fragrantica.com/perfume/Zara/Vibrant-Leather-For-Her-2020-62357.html				pending
vibrant-leather-for-her-2021	Vibrant Leather for Her 2021		female	https://www.fragrantica.com/perfume/Zara/Vibrant-Leather-for-Her-2021-66974.html				pending
vibrant-leather-intense	Vibrant Leather Intense		male	https://www.fragrantica.com/perfume/Zara/Vibrant-Leather-Intense-67174.html				pending
vibrant-leather-metal	Vibrant Leather Metal		male	https://www.fragrantica.com/perfume/Zara/Vibrant-Leather-Metal-63085.html				pending
vibrant-leather-oud	Vibrant Leather Oud		male	https://www.fragrantica.com/perfume/Zara/Vibrant-Leather-Oud-53691.html				pending
vibrant-leather-oud-elixir	Vibrant Leather Oud Elixir		male	https://www.fragrantica.com/perfume/Zara/Vibrant-Leather-Oud-Elixir-113902.html				pending
vibrant-leather-oud-extreme	Vibrant Leather Oud Extreme		male	https://www.fragrantica.com/perfume/Zara/Vibrant-Leather-Oud-Extreme-109099.html				pending
vibrant-leather-parfum-de-liberte	Vibrant Leather Parfum de Liberte		male	https://www.fragrantica.com/perfume/Zara/Vibrant-Leather-Parfum-de-Liberte-66894.html				pending
vibrant-leather-platinum	Vibrant Leather Platinum		male	https://www.fragrantica.com/perfume/Zara/Vibrant-Leather-Platinum-63086.html				pending
vibrant-leather-saline	Vibrant Leather Saline		male	https://www.fragrantica.com/perfume/Zara/Vibrant-Leather-Saline-113900.html				pending
vibrant-leather-summer	Vibrant Leather Summer		male	https://www.fragrantica.com/perfume/Zara/Vibrant-Leather-Summer-59363.html				pending
vibrant-leather-summer-breeze	Vibrant Leather Summer Breeze		male	https://www.fragrantica.com/perfume/Zara/Vibrant-Leather-Summer-Breeze-106421.html				pending
vibrant-leather-warm	Vibrant Leather Warm		male	https://www.fragrantica.com/perfume/Zara/Vibrant-Leather-Warm-63084.html				pending
vibrant-leather-winter	Vibrant Leather Winter		male	https://www.fragrantica.com/perfume/Zara/Vibrant-Leather-Winter-63087.html				pending
vibrant-spirit	Vibrant Spirit		female	https://www.fragrantica.com/perfume/Zara/Vibrant-Spirit-66924.html				pending
vibrant-wood	Vibrant Wood		unisex	https://www.fragrantica.com/perfume/Zara/Vibrant-Wood-62074.html				pending
violet-blossom	Violet Blossom		female	https://www.fragrantica.com/perfume/Zara/Violet-Blossom-56281.html				pending
violet-blossom-candy	Violet Blossom Candy		female	https://www.fragrantica.com/perfume/Zara/Violet-Blossom-Candy-105241.html				pending
violetta	Violetta		female	https://www.fragrantica.com/perfume/Zara/Violetta-13167.html				pending
virtuous-oud	Virtuous Oud		male	https://www.fragrantica.com/perfume/Zara/Virtuous-Oud-84487.html				pending
w-white	W White		female	https://www.fragrantica.com/perfume/Zara/W-White-63250.html				pending
waimea	Waimea		male	https://www.fragrantica.com/perfume/Zara/Waimea-48961.html				pending
warm-black	Warm Black		male	https://www.fragrantica.com/perfume/Zara/Warm-Black-62359.html				pending
warm-freedom	Warm Freedom		female	https://www.fragrantica.com/perfume/Zara/Warm-Freedom-78060.html				pending
warm-glance	Warm Glance		male	https://www.fragrantica.com/perfume/Zara/Warm-Glance-105087.html				pending
water-my-emotions	Water My Emotions		male	https://www.fragrantica.com/perfume/Zara/Water-My-Emotions-76852.html				pending
waterlily-tea-dress	Waterlily Tea Dress		unisex	https://www.fragrantica.com/perfume/Zara/Waterlily-Tea-Dress-58156.html				pending
waterlily-tea-dress-110557	Waterlily Tea Dress		unisex	https://www.fragrantica.com/perfume/Zara/Waterlily-Tea-Dress-110557.html				pending
wds-002-vkl	WDS 002/VKL		female	https://www.fragrantica.com/perfume/Zara/WDS-002-VKL-66983.html				pending
wednesday-im-most-grateful	Wednesday - I'm Most Grateful		unisex	https://www.fragrantica.com/perfume/Zara/Wednesday-I-m-Most-Grateful-83875.html				pending
where-is-my-juliet	Where Is My Juliet		male	https://www.fragrantica.com/perfume/Zara/Where-Is-My-Juliet-51223.html				pending
where-is-my-romeo	Where Is My Romeo		female	https://www.fragrantica.com/perfume/Zara/Where-Is-My-Romeo-51740.html				pending
whipped-coffee	Whipped Coffee		unisex	https://www.fragrantica.com/perfume/Zara/Whipped-Coffee-112704.html				pending
white-gardenia	White Gardenia		female	https://www.fragrantica.com/perfume/Zara/White-Gardenia-68681.html				pending
white-jasmine	White Jasmine		female	https://www.fragrantica.com/perfume/Zara/White-Jasmine-12687.html				pending
white-soho	White Soho		male	https://www.fragrantica.com/perfume/Zara/White-Soho-57107.html				pending
white-tag	White Tag		male	https://www.fragrantica.com/perfume/Zara/White-Tag-31130.html				pending
white-warm	White Warm		male	https://www.fragrantica.com/perfume/Zara/White-Warm-72329.html				pending
wild-boost	Wild Boost		female	https://www.fragrantica.com/perfume/Zara/Wild-Boost-66925.html				pending
wild-coolness	Wild Coolness		male	https://www.fragrantica.com/perfume/Zara/Wild-Coolness-78046.html				pending
wild-orchid	Wild Orchid		female	https://www.fragrantica.com/perfume/Zara/Wild-Orchid-21466.html				pending
wild-rose	Wild Rose		female	https://www.fragrantica.com/perfume/Zara/Wild-Rose-21465.html				pending
winter-collection	Winter Collection		male	https://www.fragrantica.com/perfume/Zara/Winter-Collection-51213.html				pending
wo-01-somewoody	WO/01 Somewoody		male	https://www.fragrantica.com/perfume/Zara/WO-01-Somewoody-87740.html				pending
wo-02-wood-street	WO/02 Wood Street		male	https://www.fragrantica.com/perfume/Zara/WO-02-Wood-Street-87741.html				pending
wo-03-cafe-et-cedre	WO/03 Café Et Cèdre		male	https://www.fragrantica.com/perfume/Zara/WO-03-Cafe-Et-Cedre-87742.html				pending
woman-cherry	Woman Cherry		female	https://www.fragrantica.com/perfume/Zara/Woman-Cherry-69133.html				pending
woman-in-white	Woman in White		female	https://www.fragrantica.com/perfume/Zara/Woman-in-White-134035.html				pending
woman-leau	Woman L'Eau		female	https://www.fragrantica.com/perfume/Zara/Woman-L-Eau-69131.html				pending
wonder-rose	Wonder Rose		female	https://www.fragrantica.com/perfume/Zara/Wonder-Rose-42459.html				pending
wonder-rose-2019	Wonder Rose 2019		female	https://www.fragrantica.com/perfume/Zara/Wonder-Rose-2019-53998.html				pending
wonder-rose-crush	Wonder Rose Crush		female	https://www.fragrantica.com/perfume/Zara/Wonder-Rose-Crush-105355.html				pending
wonder-rose-intense	Wonder Rose Intense		female	https://www.fragrantica.com/perfume/Zara/Wonder-Rose-Intense-57068.html				pending
wonder-rose-obsession	Wonder Rose Obsession		female	https://www.fragrantica.com/perfume/Zara/Wonder-Rose-Obsession-72828.html				pending
wonder-rose-so-intense	Wonder Rose So Intense		female	https://www.fragrantica.com/perfume/Zara/Wonder-Rose-So-Intense-72829.html				pending
wonder-rose-sublime	Wonder Rose Sublime		female	https://www.fragrantica.com/perfume/Zara/Wonder-Rose-Sublime-72830.html				pending
wonder-rose-summer	Wonder Rose Summer		female	https://www.fragrantica.com/perfume/Zara/Wonder-Rose-Summer-66910.html				pending
wood-boards-studio-in-melbourne	Wood Boards Studio In Melbourne		female	https://www.fragrantica.com/perfume/Zara/Wood-Boards-Studio-In-Melbourne-44745.html				pending
wood-noir	Wood Noir		male	https://www.fragrantica.com/perfume/Zara/Wood-Noir-40858.html				pending
y-collection	Y Collection		male	https://www.fragrantica.com/perfume/Zara/Y-Collection-47403.html				pending
y-yellow-sun	Y Yellow Sun		female	https://www.fragrantica.com/perfume/Zara/Y-Yellow-Sun-63249.html				pending
yellow-velvet	Yellow Velvet		female	https://www.fragrantica.com/perfume/Zara/Yellow-Velvet-57064.html				pending
yellow-velvet-2021	Yellow Velvet 2021		female	https://www.fragrantica.com/perfume/Zara/Yellow-Velvet-2021-67802.html				pending
yellow-velvet-splash	Yellow Velvet Splash		unisex	https://www.fragrantica.com/perfume/Zara/Yellow-Velvet-Splash-70765.html				pending
yunnan-tea	Yunnan Tea		female	https://www.fragrantica.com/perfume/Zara/Yunnan-Tea-45388.html				pending
yuzu-tea	Yuzu Tea		female	https://www.fragrantica.com/perfume/Zara/Yuzu-Tea-45387.html				pending
z-1975-blue-spirit	Z - 1975 Blue Spirit		male	https://www.fragrantica.com/perfume/Zara/Z-1975-Blue-Spirit-34478.html				pending
z-1975-casual-spice	Z - 1975 Casual Spice		male	https://www.fragrantica.com/perfume/Zara/Z-1975-Casual-Spice-34477.html				pending
zara-12-00-am-sunday-morning	Zara 12:00 AM Sunday Morning		female	https://www.fragrantica.com/perfume/Zara/Zara-12-00-AM-Sunday-Morning-36213.html				pending
zara-9-00-pm-friday-night	Zara 9:00 PM Friday Night		female	https://www.fragrantica.com/perfume/Zara/Zara-9-00-PM-Friday-Night-36212.html				pending
zara-amber-vanilla	Zara Amber Vanilla		female	https://www.fragrantica.com/perfume/Zara/Zara-Amber-Vanilla-41957.html				pending
zara-av-bartomeu-vicent-ramon-12-16-ibiza	Zara Av. Bartomeu Vicent Ramon 12-16 Ibiza		female	https://www.fragrantica.com/perfume/Zara/Zara-Av-Bartomeu-Vicent-Ramon-12-16-Ibiza-31152.html				pending
zara-av-das-americas-4666-rio-de-janeiro	Zara Av. Das Americas 4666 Rio De Janeiro		female	https://www.fragrantica.com/perfume/Zara/Zara-Av-Das-Americas-4666-Rio-De-Janeiro-31151.html				pending
zara-baby-blue	Zara Baby Blue		female	https://www.fragrantica.com/perfume/Zara/Zara-Baby-Blue-25579.html				pending
zara-black	Zara Black		female	https://www.fragrantica.com/perfume/Zara/Zara-Black-43683.html				pending
zara-black-28872	Zara Black		male	https://www.fragrantica.com/perfume/Zara/Zara-Black-28872.html				pending
zara-black-amber	Zara Black Amber		female	https://www.fragrantica.com/perfume/Zara/Zara-Black-Amber-17188.html				pending
zara-black-eau-de-toilette	Zara Black Eau de Toilette	Eau de Toilette	female	https://www.fragrantica.com/perfume/Zara/Zara-Black-Eau-de-Toilette-61565.html				pending
zara-black-peony	Zara Black Peony		female	https://www.fragrantica.com/perfume/Zara/Zara-Black-Peony-41956.html				pending
zara-black-peony-2014	Zara Black Peony 2014		female	https://www.fragrantica.com/perfume/Zara/Zara-Black-Peony-2014-28868.html				pending
zara-black-tag	Zara Black Tag		male	https://www.fragrantica.com/perfume/Zara/Zara-Black-Tag-28874.html				pending
zara-black-tag-eau-de-parfum-2017	Zara Black Tag Eau de Parfum 2017	Eau de Parfum	male	https://www.fragrantica.com/perfume/Zara/Zara-Black-Tag-Eau-de-Parfum-2017-47399.html				pending
zara-black-tag-intense	Zara Black Tag Intense		male	https://www.fragrantica.com/perfume/Zara/Zara-Black-Tag-Intense-28873.html				pending
zara-black-tag-intense-eau-de-parfum-2017	Zara Black Tag Intense Eau de Parfum 2017	Eau de Parfum	male	https://www.fragrantica.com/perfume/Zara/Zara-Black-Tag-Intense-Eau-de-Parfum-2017-47400.html				pending
zara-blueberry	Zara Blueberry		female	https://www.fragrantica.com/perfume/Zara/Zara-Blueberry-39168.html				pending
zara-bright-rose	Zara Bright Rose		female	https://www.fragrantica.com/perfume/Zara/Zara-Bright-Rose-28867.html				pending
zara-cape-town	Zara Cape Town		female	https://www.fragrantica.com/perfume/Zara/Zara-Cape-Town-16575.html				pending
zara-cashmere-rose	Zara Cashmere Rose		female	https://www.fragrantica.com/perfume/Zara/Zara-Cashmere-Rose-47395.html				pending
zara-chocolate	Zara Chocolate		female	https://www.fragrantica.com/perfume/Zara/Zara-Chocolate-39167.html				pending
zara-collection-man	Zara Collection Man		male	https://www.fragrantica.com/perfume/Zara/Zara-Collection-Man-7454.html				pending
zara-collection-summer-eau-de-toilette-pour-homme	Zara Collection Summer Eau de Toilette Pour Homme	Eau de Toilette	male	https://www.fragrantica.com/perfume/Zara/Zara-Collection-Summer-Eau-de-Toilette-Pour-Homme-31145.html				pending
zara-collection-woman	Zara Collection Woman		female	https://www.fragrantica.com/perfume/Zara/Zara-Collection-Woman-7453.html				pending
zara-cologne	Zara Cologne	Cologne	male	https://www.fragrantica.com/perfume/Zara/Zara-Cologne-28875.html				pending
zara-custom-tailored	Zara Custom Tailored		male	https://www.fragrantica.com/perfume/Zara/Zara-Custom-Tailored-31148.html				pending
zara-deep-vanilla	Zara Deep Vanilla		female	https://www.fragrantica.com/perfume/Zara/Zara-Deep-Vanilla-41960.html				pending
zara-est-1975-denim-couture	Zara EST 1975 Denim Couture		male	https://www.fragrantica.com/perfume/Zara/Zara-EST-1975-Denim-Couture-28878.html				pending
zara-est-1975-denim-couture-extreme	Zara EST 1975 Denim Couture Extreme		male	https://www.fragrantica.com/perfume/Zara/Zara-EST-1975-Denim-Couture-Extreme-28879.html				pending
zara-est-1975-denim-couture-pour-homme-red-edition	Zara est 1975 Denim Couture Pour Homme Red Edition		male	https://www.fragrantica.com/perfume/Zara/Zara-est-1975-Denim-Couture-Pour-Homme-Red-Edition-31147.html				pending
zara-femme-2006	Zara Femme 2006		female	https://www.fragrantica.com/perfume/Zara/Zara-Femme-2006-10932.html				pending
zara-femme-2013	Zara Femme 2013		female	https://www.fragrantica.com/perfume/Zara/Zara-Femme-2013-18552.html				pending
zara-femme-2017	Zara Femme 2017		female	https://www.fragrantica.com/perfume/Zara/Zara-Femme-2017-47397.html				pending
zara-femme-2018	Zara Femme 2018		female	https://www.fragrantica.com/perfume/Zara/Zara-Femme-2018-48596.html				pending
zara-fig	Zara Fig		male	https://www.fragrantica.com/perfume/Zara/Zara-Fig-38025.html				pending
zara-for-her-2004	Zara For Her 2004		female	https://www.fragrantica.com/perfume/Zara/Zara-For-Her-2004-10926.html				pending
zara-for-her-2012	Zara For Her 2012		female	https://www.fragrantica.com/perfume/Zara/Zara-For-Her-2012-17192.html				pending
zara-for-him-2005	Zara For Him 2005		male	https://www.fragrantica.com/perfume/Zara/Zara-For-Him-2005-10928.html				pending
zara-for-him-2012	Zara For Him 2012		male	https://www.fragrantica.com/perfume/Zara/Zara-For-Him-2012-16592.html				pending
zara-for-him-2014	Zara For Him 2014		male	https://www.fragrantica.com/perfume/Zara/Zara-For-Him-2014-23430.html				pending
zara-for-him-2018	Zara For Him 2018		male	https://www.fragrantica.com/perfume/Zara/Zara-For-Him-2018-53073.html				pending
zara-for-him-black-edition	Zara For Him Black Edition		male	https://www.fragrantica.com/perfume/Zara/Zara-For-Him-Black-Edition-41964.html				pending
zara-for-him-cedar-wood	Zara for Him Cedar Wood		male	https://www.fragrantica.com/perfume/Zara/Zara-for-Him-Cedar-Wood-39161.html				pending
zara-for-him-gold-edition	Zara For Him Gold Edition		male	https://www.fragrantica.com/perfume/Zara/Zara-For-Him-Gold-Edition-31146.html				pending
zara-for-him-intense	Zara For Him Intense		male	https://www.fragrantica.com/perfume/Zara/Zara-For-Him-Intense-92551.html				pending
zara-for-him-red-edition-intense	Zara For Him Red Edition Intense		male	https://www.fragrantica.com/perfume/Zara/Zara-For-Him-Red-Edition-Intense-92186.html				pending
zara-for-him-silver	Zara for Him Silver		male	https://www.fragrantica.com/perfume/Zara/Zara-for-Him-Silver-16593.html				pending
zara-for-him-silver-edition	Zara for Him Silver Edition		male	https://www.fragrantica.com/perfume/Zara/Zara-for-Him-Silver-Edition-23431.html				pending
zara-frozen-eau-de-toilette-2019	Zara Frozen Eau de Toilette 2019	Eau de Toilette	female	https://www.fragrantica.com/perfume/Zara/Zara-Frozen-Eau-de-Toilette-2019-58348.html				pending
zara-frozen-ii-eau-de-toilette	Zara Frozen II Eau de Toilette	Eau de Toilette	female	https://www.fragrantica.com/perfume/Zara/Zara-Frozen-II-Eau-de-Toilette-58347.html				pending
zara-gardenia-2016	Zara Gardenia 2016		female	https://www.fragrantica.com/perfume/Zara/Zara-Gardenia-2016-41955.html				pending
zara-gardenia-2017	Zara Gardenia 2017		female	https://www.fragrantica.com/perfume/Zara/Zara-Gardenia-2017-43680.html				pending
zara-girl	Zara Girl		female	https://www.fragrantica.com/perfume/Zara/Zara-Girl-10929.html				pending
zara-gold	Zara Gold		male	https://www.fragrantica.com/perfume/Zara/Zara-Gold-16610.html				pending
zara-hello-kitty	Zara Hello Kitty		female	https://www.fragrantica.com/perfume/Zara/Zara-Hello-Kitty-39171.html				pending
zara-hollywood-boulevard	Zara Hollywood Boulevard		female	https://www.fragrantica.com/perfume/Zara/Zara-Hollywood-Boulevard-21467.html				pending
zara-homme	Zara Homme		male	https://www.fragrantica.com/perfume/Zara/Zara-Homme-16608.html				pending
zara-homme-night	Zara Homme Night		male	https://www.fragrantica.com/perfume/Zara/Zara-Homme-Night-16607.html				pending
zara-homme-night-2014	Zara Homme Night 2014		male	https://www.fragrantica.com/perfume/Zara/Zara-Homme-Night-2014-28877.html				pending
zara-illusion	Zara Illusion		female	https://www.fragrantica.com/perfume/Zara/Zara-Illusion-131214.html				pending
zara-jasmine	Zara Jasmine		female	https://www.fragrantica.com/perfume/Zara/Zara-Jasmine-43679.html				pending
zara-kids-girl	Zara Kids Girl		female	https://www.fragrantica.com/perfume/Zara/Zara-Kids-Girl-39169.html				pending
zara-lily-pad-eau-de-toilette	Zara Lily Pad Eau de Toilette	Eau de Toilette	female	https://www.fragrantica.com/perfume/Zara/Zara-Lily-Pad-Eau-de-Toilette-61568.html				pending
zara-lisboa-colombo-avenida-do-colegio-militar	Zara Lisboa Colombo Avenida do Colegio Militar		male	https://www.fragrantica.com/perfume/Zara/Zara-Lisboa-Colombo-Avenida-do-Colegio-Militar-39162.html				pending
zara-little-girl	Zara Little Girl		female	https://www.fragrantica.com/perfume/Zara/Zara-Little-Girl-39170.html				pending
zara-loves-shopping-in-london	Zara Loves Shopping In London		female	https://www.fragrantica.com/perfume/Zara/Zara-Loves-Shopping-In-London-34480.html				pending
zara-loves-shopping-in-paris	Zara Loves Shopping In Paris		female	https://www.fragrantica.com/perfume/Zara/Zara-Loves-Shopping-In-Paris-34479.html				pending
zara-lviii-the-limited-collection	Zara LVIII The Limited Collection		female	https://www.fragrantica.com/perfume/Zara/Zara-LVIII-The-Limited-Collection-32315.html				pending
zara-lxxxv-woman-intense	Zara LXXXV Woman Intense		female	https://www.fragrantica.com/perfume/Zara/Zara-LXXXV-Woman-Intense-45770.html				pending
zara-made-to-fit	Zara Made To Fit		male	https://www.fragrantica.com/perfume/Zara/Zara-Made-To-Fit-31149.html				pending
zara-man-2000	Zara Man 2000		male	https://www.fragrantica.com/perfume/Zara/Zara-Man-2000-10930.html				pending
zara-man-2012	Zara Man 2012		male	https://www.fragrantica.com/perfume/Zara/Zara-Man-2012-45295.html				pending
zara-man-blue-spirit	Zara Man Blue Spirit		male	https://www.fragrantica.com/perfume/Zara/Zara-Man-Blue-Spirit-55088.html				pending
zara-man-blue-spirit-summer	Zara Man Blue Spirit Summer		male	https://www.fragrantica.com/perfume/Zara/Zara-Man-Blue-Spirit-Summer-92833.html				pending
zara-man-exclusive-fragrance-intense	Zara Man Exclusive Fragrance Intense		male	https://www.fragrantica.com/perfume/Zara/Zara-Man-Exclusive-Fragrance-Intense-21362.html				pending
zara-man-exclusive-fragrances-cologne	Zara Man Exclusive Fragrances Cologne	Cologne	male	https://www.fragrantica.com/perfume/Zara/Zara-Man-Exclusive-Fragrances-Cologne-21363.html				pending
zara-man-gold	Zara Man Gold		male	https://www.fragrantica.com/perfume/Zara/Zara-Man-Gold-16594.html				pending
zara-man-green-savage-summer	Zara Man Green Savage Summer		male	https://www.fragrantica.com/perfume/Zara/Zara-Man-Green-Savage-Summer-92832.html				pending
zara-man-limited	Zara Man Limited		male	https://www.fragrantica.com/perfume/Zara/Zara-Man-Limited-16597.html				pending
zara-man-n-18o-34-54-o-68o-24-15	Zara Man N 18º 34' 54'' O -68º 24' 15''		male	https://www.fragrantica.com/perfume/Zara/Zara-Man-N-18o-34-54-O-68o-24-15-38028.html				pending
zara-man-n-25o-36-05-o-54o-34-07	Zara Man N 25º 36' 05'' O 54º 34' 07''		male	https://www.fragrantica.com/perfume/Zara/Zara-Man-N-25o-36-05-O-54o-34-07-38029.html				pending
zara-man-silver	Zara Man Silver		male	https://www.fragrantica.com/perfume/Zara/Zara-Man-Silver-16595.html				pending
zara-man-silver-summer	Zara Man Silver Summer		male	https://www.fragrantica.com/perfume/Zara/Zara-Man-Silver-Summer-55087.html				pending
zara-man-silver-summer-2020	Zara Man Silver Summer 2020		male	https://www.fragrantica.com/perfume/Zara/Zara-Man-Silver-Summer-2020-59367.html				pending
zara-man-uomo	Zara Man Uomo		male	https://www.fragrantica.com/perfume/Zara/Zara-Man-Uomo-16596.html				pending
zara-miami	Zara Miami		female	https://www.fragrantica.com/perfume/Zara/Zara-Miami-21468.html				pending
zara-musk	Zara Musk		female	https://www.fragrantica.com/perfume/Zara/Zara-Musk-45771.html				pending
zara-night-eau-de-parfum	Zara Night Eau de Parfum	Eau de Parfum	female	https://www.fragrantica.com/perfume/Zara/Zara-Night-Eau-de-Parfum-23429.html				pending
zara-night-pour-homme-eau-de-parfum	Zara Night Pour Homme Eau de Parfum	Eau de Parfum	male	https://www.fragrantica.com/perfume/Zara/Zara-Night-Pour-Homme-Eau-de-Parfum-57589.html				pending
zara-night-pour-homme-i	Zara Night Pour Homme I		male	https://www.fragrantica.com/perfume/Zara/Zara-Night-Pour-Homme-I-44748.html				pending
zara-night-pour-homme-ii	Zara Night Pour Homme II		male	https://www.fragrantica.com/perfume/Zara/Zara-Night-Pour-Homme-II-43906.html				pending
zara-night-pour-homme-ii-sport	Zara Night Pour Homme II Sport		male	https://www.fragrantica.com/perfume/Zara/Zara-Night-Pour-Homme-II-Sport-48957.html				pending
zara-night-pour-homme-ii-summer	Zara Night Pour Homme II Summer		male	https://www.fragrantica.com/perfume/Zara/Zara-Night-Pour-Homme-II-Summer-55089.html				pending
zara-night-pour-homme-ii-winter	Zara Night Pour Homme II Winter		male	https://www.fragrantica.com/perfume/Zara/Zara-Night-Pour-Homme-II-Winter-65979.html				pending
zara-night-pour-homme-iii	Zara Night Pour Homme III		male	https://www.fragrantica.com/perfume/Zara/Zara-Night-Pour-Homme-III-44749.html				pending
zara-night-pour-homme-iv	Zara Night Pour Homme IV		male	https://www.fragrantica.com/perfume/Zara/Zara-Night-Pour-Homme-IV-47919.html				pending
zara-orchid-2016	Zara Orchid 2016		female	https://www.fragrantica.com/perfume/Zara/Zara-Orchid-2016-41954.html				pending
zara-orchid-2017	Zara Orchid 2017		female	https://www.fragrantica.com/perfume/Zara/Zara-Orchid-2017-43681.html				pending
zara-orchid-2021	Zara Orchid 2021		female	https://www.fragrantica.com/perfume/Zara/Zara-Orchid-2021-69813.html				pending
zara-oud	Zara Oud		unisex	https://www.fragrantica.com/perfume/Zara/Zara-Oud-23432.html				pending
zara-oud-45772	Zara Oud		female	https://www.fragrantica.com/perfume/Zara/Zara-Oud-45772.html				pending
zara-powdery-magnolia-2014	Zara Powdery Magnolia 2014		female	https://www.fragrantica.com/perfume/Zara/Zara-Powdery-Magnolia-2014-28866.html				pending
zara-powdery-magnolia-2016	Zara Powdery Magnolia 2016		female	https://www.fragrantica.com/perfume/Zara/Zara-Powdery-Magnolia-2016-41959.html				pending
zara-rose	Zara Rose		female	https://www.fragrantica.com/perfume/Zara/Zara-Rose-43684.html				pending
zara-rose-eau-de-toilette	Zara Rose Eau de Toilette	Eau de Toilette	female	https://www.fragrantica.com/perfume/Zara/Zara-Rose-Eau-de-Toilette-61567.html				pending
zara-rose-eau-de-toilette-16589	Zara Rose Eau de Toilette	Eau de Toilette	female	https://www.fragrantica.com/perfume/Zara/Zara-Rose-Eau-de-Toilette-16589.html				pending
zara-rose-elixir	Zara Rose Elixir		female	https://www.fragrantica.com/perfume/Zara/Zara-Rose-Elixir-45773.html				pending
zara-rose-petal	Zara Rose Petal		female	https://www.fragrantica.com/perfume/Zara/Zara-Rose-Petal-25578.html				pending
zara-san-francisco	Zara San Francisco		male	https://www.fragrantica.com/perfume/Zara/Zara-San-Francisco-28869.html				pending
zara-san-francisco-250-post-street	Zara San Francisco 250 Post Street		male	https://www.fragrantica.com/perfume/Zara/Zara-San-Francisco-250-Post-Street-39164.html				pending
zara-sandalwood	Zara Sandalwood		male	https://www.fragrantica.com/perfume/Zara/Zara-Sandalwood-38027.html				pending
zara-scent-1	Zara Scent #1		male	https://www.fragrantica.com/perfume/Zara/Zara-Scent-1-31125.html				pending
zara-scent-2	Zara Scent #2		male	https://www.fragrantica.com/perfume/Zara/Zara-Scent-2-31126.html				pending
zara-scent-3	Zara Scent #3		male	https://www.fragrantica.com/perfume/Zara/Zara-Scent-3-31127.html				pending
zara-seoul	Zara Seoul		male	https://www.fragrantica.com/perfume/Zara/Zara-Seoul-28870.html				pending
zara-seoul-532-8-sinsa-dong-gangnam-gu	Zara Seoul 532-8 Sinsa Dong Gangnam-Gu		male	https://www.fragrantica.com/perfume/Zara/Zara-Seoul-532-8-Sinsa-Dong-Gangnam-Gu-39163.html				pending
zara-seoul-532-8-sinsa-dong-gangnam-gu-summer	Zara Seoul 532-8 Sinsa Dong Gangnam-Gu Summer		male	https://www.fragrantica.com/perfume/Zara/Zara-Seoul-532-8-Sinsa-Dong-Gangnam-Gu-Summer-59364.html				pending
zara-silver	Zara Silver		male	https://www.fragrantica.com/perfume/Zara/Zara-Silver-16611.html				pending
zara-spicy	Zara Spicy		male	https://www.fragrantica.com/perfume/Zara/Zara-Spicy-28876.html				pending
zara-sport-421	Zara Sport 421		male	https://www.fragrantica.com/perfume/Zara/Zara-Sport-421-16598.html				pending
zara-sport-615	Zara Sport 615		male	https://www.fragrantica.com/perfume/Zara/Zara-Sport-615-16600.html				pending
zara-sport-675	Zara Sport 675		male	https://www.fragrantica.com/perfume/Zara/Zara-Sport-675-16599.html				pending
zara-sport-pour-homme	Zara Sport Pour Homme		male	https://www.fragrantica.com/perfume/Zara/Zara-Sport-Pour-Homme-16609.html				pending
zara-sugar-rose	Zara Sugar Rose		female	https://www.fragrantica.com/perfume/Zara/Zara-Sugar-Rose-28865.html				pending
zara-sydney	Zara Sydney		male	https://www.fragrantica.com/perfume/Zara/Zara-Sydney-28871.html				pending
zara-unbreakable	Zara Unbreakable		male	https://www.fragrantica.com/perfume/Zara/Zara-Unbreakable-41965.html				pending
zara-unshakable	Zara Unshakable		male	https://www.fragrantica.com/perfume/Zara/Zara-Unshakable-41966.html				pending
zara-urban-male	Zara Urban Male		male	https://www.fragrantica.com/perfume/Zara/Zara-Urban-Male-17849.html				pending
zara-urban-male-dark	Zara Urban Male Dark		male	https://www.fragrantica.com/perfume/Zara/Zara-Urban-Male-Dark-17850.html				pending
zara-vainilla	Zara Vainilla		female	https://www.fragrantica.com/perfume/Zara/Zara-Vainilla-41953.html				pending
zara-vainilla-2017	Zara Vainilla 2017		female	https://www.fragrantica.com/perfume/Zara/Zara-Vainilla-2017-43678.html				pending
zara-vanilla-wood	Zara Vanilla Wood		female	https://www.fragrantica.com/perfume/Zara/Zara-Vanilla-Wood-28864.html				pending
zara-vetiver	Zara Vetiver		male	https://www.fragrantica.com/perfume/Zara/Zara-Vetiver-38026.html				pending
zara-w-end-till-12-00-am	Zara W/END till 12:00 AM		male	https://www.fragrantica.com/perfume/Zara/Zara-W-END-till-12-00-AM-39160.html				pending
zara-w-end-till-3-00-am	Zara W/END till 3:00 AM		male	https://www.fragrantica.com/perfume/Zara/Zara-W-END-till-3-00-AM-39158.html				pending
zara-w-end-till-8-00-pm	Zara W/END till 8:00 PM		male	https://www.fragrantica.com/perfume/Zara/Zara-W-END-till-8-00-PM-39159.html				pending
zara-white	Zara White		female	https://www.fragrantica.com/perfume/Zara/Zara-White-43682.html				pending
zara-white-eau-de-toilette	Zara White Eau de Toilette	Eau de Toilette	female	https://www.fragrantica.com/perfume/Zara/Zara-White-Eau-de-Toilette-61566.html				pending
zara-white-eau-de-toilette-16588	Zara White Eau de Toilette	Eau de Toilette	female	https://www.fragrantica.com/perfume/Zara/Zara-White-Eau-de-Toilette-16588.html				pending
zara-with-love	Zara With Love		female	https://www.fragrantica.com/perfume/Zara/Zara-With-Love-28863.html				pending
zara-with-sweetness	Zara With Sweetness		female	https://www.fragrantica.com/perfume/Zara/Zara-With-Sweetness-34675.html				pending
zara-woman	Zara Woman		female	https://www.fragrantica.com/perfume/Zara/Zara-Woman-16569.html				pending
zara-woman-black-eau-de-toilette	Zara Woman Black Eau de Toilette	Eau de Toilette	female	https://www.fragrantica.com/perfume/Zara/Zara-Woman-Black-Eau-de-Toilette-16587.html				pending
zara-woman-freesia-and-vanilla	Zara Woman Freesia & Vanilla		female	https://www.fragrantica.com/perfume/Zara/Zara-Woman-Freesia-Vanilla-32314.html				pending
zara-woman-gold-2013	Zara Woman Gold 2013		female	https://www.fragrantica.com/perfume/Zara/Zara-Woman-Gold-2013-21360.html				pending
zara-woman-gold-2014	Zara Woman Gold 2014		female	https://www.fragrantica.com/perfume/Zara/Zara-Woman-Gold-2014-28859.html				pending
zara-woman-gold-2016	Zara Woman Gold 2016		female	https://www.fragrantica.com/perfume/Zara/Zara-Woman-Gold-2016-38023.html				pending
zara-woman-gold-2021	Zara Woman Gold 2021		female	https://www.fragrantica.com/perfume/Zara/Zara-Woman-Gold-2021-67804.html				pending
zara-woman-leau	Zara Woman L'Eau		female	https://www.fragrantica.com/perfume/Zara/Zara-Woman-L-Eau-23427.html				pending
zara-woman-peach-and-blooming-rose	Zara Woman Peach & Blooming Rose		female	https://www.fragrantica.com/perfume/Zara/Zara-Woman-Peach-Blooming-Rose-32313.html				pending
zara-woman-pear-and-white-flowers	Zara Woman Pear & White Flowers		female	https://www.fragrantica.com/perfume/Zara/Zara-Woman-Pear-White-Flowers-32311.html				pending
zara-woman-rose-gold-2011	Zara Woman Rose Gold 2011		female	https://www.fragrantica.com/perfume/Zara/Zara-Woman-Rose-Gold-2011-16568.html				pending
zara-woman-rose-gold-2013	Zara Woman Rose Gold 2013		female	https://www.fragrantica.com/perfume/Zara/Zara-Woman-Rose-Gold-2013-21361.html				pending
zara-woman-rose-gold-2016	Zara Woman Rose Gold 2016		female	https://www.fragrantica.com/perfume/Zara/Zara-Woman-Rose-Gold-2016-38022.html				pending
zara-woman-rose-gold-2021	Zara Woman Rose Gold 2021		female	https://www.fragrantica.com/perfume/Zara/Zara-Woman-Rose-Gold-2021-67803.html				pending
zara-woman-special-edition	Zara Woman Special Edition		female	https://www.fragrantica.com/perfume/Zara/Zara-Woman-Special-Edition-28860.html				pending
zara-woman-star-jasmine-and-candy	Zara Woman Star Jasmine & Candy		female	https://www.fragrantica.com/perfume/Zara/Zara-Woman-Star-Jasmine-Candy-32312.html				pending
zara-women-eau-de-parfum	Zara Women Eau de Parfum	Eau de Parfum	female	https://www.fragrantica.com/perfume/Zara/Zara-Women-Eau-de-Parfum-23428.html				pending
zara-yellow-sun-eau-de-toilette	Zara Yellow Sun Eau de Toilette	Eau de Toilette	female	https://www.fragrantica.com/perfume/Zara/Zara-Yellow-Sun-Eau-de-Toilette-61569.html				pending
zara-zen-garden	Zara Zen Garden		female	https://www.fragrantica.com/perfume/Zara/Zara-Zen-Garden-43677.html				pending
a-son-rythme	À Son Rythme		female	https://www.fragrantica.com/perfume/Zara/A-Son-Rythme-134030.html				pending
